en,hi,hi_preds
ank,अंक,अंक
anka,अंक,अंका
ankit,अंकित,अंकित
anakon,अंकों,आनकों
ankhon,अंकों,अंखों
ankon,अंकों,आंकों
angkor,अंकोर,अंगकोर
ankor,अंकोर,अंकोर
angaarak,अंगारक,अंगारक
angarak,अंगारक,अंगरक
angraji,अंग्रज़ी,अंग्रजी
angreji,अंग्रज़ी,अंग्रजी
angrzi,अंग्रज़ी,अंग्रजी
antah,अंतः,अंताह
antaha,अंतः,अंताहा
antarmukh,अंतर्मुख,अंतरमुख
antmurkh,अंतर्मुख,अंतमुर्ख
antrmukh,अंतर्मुख,अंतरमुख
andrabee,अंद्राबी,अंदरबी
andrabi,अंद्राबी,अंदराबी
andha,अंधा,अंधा
andhapan,अंधापन,अंधपन
andheri,अंधेरी,अंधेरी
ambaani,अंबानी,अमबानी
ambani,अंबानी,अमबानी
akram,अकरम,अक्रम
acapulco,अकापुल्को,आकापुल्को
akapulko,अकापुल्को,अकपुलको
akhand,अखंड,अखंड
akhil,अखिल,अखिल
agavai,अगवाई,अगवाई
agvaai,अगवाई,अगवाई
augustine,अगस्टाइन,ऑगस्टीन
augustustine,अगस्टाइन,ऑगस्टस्टिन
agsta,अगस्ता,अगस्ता
agusta,अगस्ता,अगुस्ता
augusta,अगस्ता,औगुस्ता
agr,अग्र,आगर
agra,अग्र,आगरा
achambha,अचंभा,अचंभा
achanbha,अचंभा,अचांभा
achievement,अचीवमेंट,अचिवेमेंट
achivement,अचीवमेंट,अचिवेमेंट
acchi,अच्छी,अच्छी
achchi,अच्छी,अच्छी
achhi,अच्छी,अछी
achyut,अच्युत,अछ्युत
achhanera,अछनेरा,अच्छेनरा
achnera,अछनेरा,अच्नेरा
ajmeedh,अजमीढ़,अजमीध
ajhar,अजहर,अजहर
azhar,अजहर,आजहर
ajit,अजित,अजीत
agnat,अज्ञात,अग्नत
agyaat,अज्ञात,अज्ञात
agyat,अज्ञात,अज्ञात
atakta,अटकता,अतकता
atkata,अटकता,अत्कता
atake,अटके,अटके
atke,अटके,अटके
atwaal,अटवाल,अत्वाल
atwal,अटवाल,अतवाल
attahasa,अट्टहास,अत्तहसा
atthaas,अट्टहास,अत्थास
atthas,अट्टहास,अत्थास
addon,अड्डों,अद्दों
athak,अथक,अठक
atharv,अथर्व,अत्रव
atharva,अथर्व,अठरवा
adad,अदद,अदाद
adaani,अदाणी,अदानी
adani,अदाणी,अदानी
advait,अद्वैत,अद्वैत
adwait,अद्वैत,अद्वैत
advaitvaad,अद्वैतवाद,अद्वैतवाद
advaitwad,अद्वैतवाद,अद्वैतवाद
adhivas,अधिवास,अधिवास
adhiwas,अधिवास,अधिवास
advivas,अधिवास,अद्वीवस
adhiik,अधीक,अधिक
adhik,अधीक,अधिक
adhyayanarat,अध्ययनरत,अध्यायनरात
adhyayanrat,अध्ययनरत,अध्यायनरात
adhyaynrat,अध्ययनरत,अध्यायनरात
anant,अनंत,अनांत
ananti,अनंती,अनांती
angadh,अनगढ़,अंगाध
angarh,अनगढ़,अंगारह
anchahe,अनचाहे,अंचाहे
anthak,अनथक,अंतक
unthak,अनथक,उन्थाक
anhoni,अनहोनी,अन्होंनी
anaavashyak,अनावश्यक,अनावश्यक
anavashyak,अनावश्यक,अनावश्यक
anavshyak,अनावश्यक,अनावश्यक
anawashyak,अनावश्यक,अनावश्यक
anik,अनिक,अनिक
anishwarvadi,अनीश्वरवादी,अनिश्वरवादी
anishwarwadi,अनीश्वरवादी,अनिश्वरवादी
anukoltha,अनुकूलता,अनुकोल्थ
anukulata,अनुकूलता,अनुकुलता
anukulta,अनुकूलता,अनुकुलता
anuchit,अनुचित,अनुचित
anuprayogi,अनुप्रयोगों,अनुप्रयोगी
anuprayogon,अनुप्रयोगों,अनुप्रयोगों
anupryogon,अनुप्रयोगों,अनुप्रयोगों
anureet,अनुरीत,अनुरीत
anurit,अनुरीत,अनुरीत
anuthi,अनूठी,अनूठी
anudit,अनूदित,अनुदित
anyaay,अन्याय,अन्याय
anyay,अन्याय,अन्याय
anyaya,अन्याय,अन्याय
apnani,अपनानी,अपनानी
aparivartanshali,अपरिवर्तनशील,अपरिवर्तनशाली
aparivartansheel,अपरिवर्तनशील,अपरिवर्तनशील
aparivartanshil,अपरिवर्तनशील,अपरिवर्तनशील
apariharya,अपरिहार्य,अपरिहार्य
aprihary,अपरिहार्य,अपरिहार्य
apriyary,अपरिहार्य,अपरियार्य
apavartit,अपवर्तित,अपावर्तित
apvartit,अपवर्तित,अपवर्तित
apvtrit,अपवर्तित,अप्वत्रित
apaardarshi,अपारदर्शी,अपारदर्शी
apardarshi,अपारदर्शी,अपरदर्शी
afroj,अफरोज,अफरोज
afroz,अफरोज,अफरोज
africa,अफ्रीका,अफ्रीका
abbaasi,अब्बासी,अब्बासी
abbasi,अब्बासी,अब्बासी
abhimat,अभिमत,अभिमत
abhishap,अभिशाप,अभिषप
abhi,अभी,अभी
amjhera,अमझेरा,अमझेरा
amzera,अमझेरा,अमजेरा
amargad,अमरगढ़,अमरगद
amargarh,अमरगढ़,अमरगढ़
amarpaal,अमरपाल,अमरपाल
amarpal,अमरपाल,अमरपाल
amarohi,अमरोही,अमरोही
amrohi,अमरोही,अमरोही
amaanat,अमानत,अमानत
amanat,अमानत,अमानत
amanth,अमानत,अमांत
amaanati,अमानती,अमानती
amanathi,अमानती,अमानाथी
amanati,अमानती,अमानती
amavasya,अमावस्या,अमावस्या
amavsya,अमावस्या,अमावस्य
amit,अमित,अमित
amitao,अमिताव,अमिताओ
amitav,अमिताव,अमितव
amuk,अमुक,अमूक
amogh,अमोघ,आमोध
ambani,अम्बानी,अमबानी
ayodhyaanaath,अयोध्यानाथ,अयोद्यानाथ
ayodhyanaath,अयोध्यानाथ,अयोद्यनाथ
ayodhyanath,अयोध्यानाथ,अयोद्यनाथ
ayodhyeanath,अयोध्यानाथ,अयोध्यनाथ
aradas,अरदास,अरदस
ardaas,अरदास,अरदास
ardas,अरदास,अरदास
arabab,अरबाब,अरबाब
arbab,अरबाब,अरबाब
around,अराउंड,अराउंड
arjent,अर्जेंट,अरजेंट
urgent,अर्जेंट,अर्जेंट
arth,अर्थ,आर्थ
artha,अर्थ,आर्थ
earth,अर्थ,ईर्थ
earthquake,अर्थक्वेक,इर्थकूकेक
arthon,अर्थों,आर्थन
arpit,अर्पित,अर्पिट
aryama,अर्यमा,आर्यमा
aryma,अर्यमा,अर्यमा
arymaa,अर्यमा,अर्यमा
alankaar,अलंकार,अलंकार
alankar,अलंकार,अलंकर
alnkaar,अलंकार,अलंकार
alankaaron,अलंकारों,अलंकारों
alankaron,अलंकारों,अलंकरों
alnkaaron,अलंकारों,अलंकारों
alnkaron,अलंकारों,अलंकरों
alagavavadi,अलगाववादी,अलगववादी
algavvadi,अलगाववादी,अलगववादी
algavwaadi,अलगाववादी,अलगववादी
alive,अलाइव,एलीवे
alance,अलायंस,एलांस
alayans,अलायंस,अलायांस
aliance,अलायंस,एलायंस
alind,अलिंद,अलींद
alai,अली,अलाई
ali,अली,अली
alii,अली,अली
alonso,अलोंसो,अलोंसो
aloso,अलोंसो,आलोसो
alphabet,अल्फ़ाबेट,अल्फबेट
alba,अल्बा,अल्बा
avantipur,अवंतिपुर,अवंतीपुर
awantipora,अवंतिपुर,अवंतीपोर
avaru,अवरु,अवरू
avru,अवरु,अवरू
awaru,अवरु,अवरू
avarodhak,अवरोधक,अवरोधक
avrodhak,अवरोधक,अवरोधक
avrodhk,अवरोधक,अवरोधक
avarnata,अवर्णता,अवर्णता
avarnataa,अवर्णता,अवर्णता
avranta,अवर्णता,अवरंता
avashist,अवशिष्ट,अवशिस्त
avshisht,अवशिष्ट,अवशिष्ट
awashist,अवशिष्ट,अवशिस्त
avasthaayen,अवस्थाएं,अवस्थाएं
avsthaen,अवस्थाएं,अवस्थाएं
avsthayen,अवस्थाएं,अवस्थाएं
awasthaen,अवस्थाएं,आवस्थाएं
avi,अवि,अवी
avika,अविका,अविका
aviral,अविरल,अवीराल
avirl,अविरल,अवर्ल
avishvaasniy,अविश्वसनीय,अविश्वासनीय
avishvasniy,अविश्वसनीय,अविश्वसनीय
avishvasniya,अविश्वसनीय,अविश्वसनीय
avisvasniya,अविश्वसनीय,अविस्वस्नीय
aviva,अवीवा,अविवा
avaigyanic,अवैज्ञानिक,अवैज्ञानिक
avaigyanik,अवैज्ञानिक,अवैज्ञानिक
avegyanik,अवैज्ञानिक,अवैज्ञानिक
ashaktataa,अशक्तता,अशकत्ता
ashktta,अशक्तता,अशकत्ता
asharaphi,अशरफी,अशारफी
ashrafi,अशरफी,अश्रफी
ashariri,अशरीरी,अशरीरी
ashriri,अशरीरी,अश्रीरी
ashrvatath,अश्वत्थ,अश्रवताथ
ashvtth,अश्वत्थ,अस्वत्थ
asamaany,असमान्य,असमान्य
asamany,असमान्य,असामान्य
asmanye,असमान्य,असमान्य
asaamnjsy,असामंजस्य,असामंज्य
asamanjasy,असामंजस्य,असमंजस्य
asamanjasya,असामंजस्य,असमंजस्य
asurakshit,असुरक्षित,असुरक्षित
asurkshit,असुरक्षित,असुरक्षित
aset,असेट,असेत
asset,असेट,असेट
asvabhavik,अस्वभाविक,अस्वाभाविक
aswabhavik,अस्वभाविक,अस्वाभाविक
aswbhavik,अस्वभाविक,अस्वभाविक
ahirauli,अहिरौली,अहीरौली
item,आइटम,इतेम
items,आइटम्स,इटीम्स
idle,आइडल,इडल
idol,आइडल,आईडल
icc,आइसीसी,आईसीसी
iso,आइसो,इसो
ipc,आईपीसी,आईपीसी
ipad,आईपैड,इपाद
iris,आईरिस,आईआईआरआईएस
ounce,आउंस,आउंस
aakaash,आकाश,आकाश
aakash,आकाश,आकाश
aake,आके,आके
aakhet,आखेट,आखेत
akhet,आखेट,अखेत
aagat,आगत,आगत
aagaman,आगमन,आगमन
aagman,आगमन,आगमान
aagaa,आग़ा,आगा
aagah,आग़ा,आगाह
agha,आग़ा,आगा
aagaashe,आगाशे,आगाशे
aagashe,आगाशे,आगशे
agashe,आगाशे,अग्षेश
aajmaanaa,आजमाना,आजमाना
aajmana,आजमाना,आजमाना
aazmaanaa,आजमाना,आजमाना
aata,आटा,आता
ata,आटा,अता
atta,आटा,अत्ता
aatmayen,आत्माएं,आत्मयें
atmaen,आत्माएं,आत्माएं
aadaan,आदान,आदान
aadan,आदान,आदन
aadhaarit,आधारित,आधारित
aadharit,आधारित,आधारित
adharit,आधारित,आधारित
aadheen,आधीन,आधीन
aadhin,आधीन,आधीन
aadhunik,आधुनिक,आधुनिक
aanad,आनद,आनाद
aanand,आनद,आनंद
anand,आनद,आनंद
aapka,आपका,आपका
aapkaa,आपका,आपका
aapadaaaen,आपदाएं,आपदाएं
aapdaein,आपदाएं,आपदाएं
aapdayein,आपदाएं,आपदाएं
aabantit,आबंटित,आबंतित
abantit,आबंटित,अबांतित
aabru,आबरू,आबरू
abaru,आबरू,अबारू
aamdan,आमदन,आमदान
amadan,आमदन,अमदान
aamdani,आमदनी,आमदानी
amadani,आमदनी,अमादनी
aamdi,आमदी,आमदी
amdi,आमदी,अमडी
aamod,आमोद,आमोद
amod,आमोद,अमोद
aayenge,आयेंगे,आयेंगे
aayojak,आयोजक,आयोजक
ro,आरओ,रो
rp,आरपी,आरपी
aaraam,आराम,आराम
aaram,आराम,आराम
aram,आराम,आराम
aarushi,आरुषि,आरुषी
arushi,आरुषि,अरुषि
artery,आर्टरी,आर्टेरी
order,आर्डर,अर्डर
aary,आर्य,आर्य
aarya,आर्य,आर्य
arya,आर्य,आर्य
aaryika,आर्यिका,आर्यिका
aryika,आर्यिका,अर्यिका
aarya,आर्यो,आर्य
arya,आर्यो,आर्य
aryo,आर्यो,आर्यो
aaryan,आर्यों,आर्यण
arya,आर्यों,आर्य
aryon,आर्यों,अर्यों
aalsi,आलसी,आलसी
alasi,आलसी,अलासी
aalochak,आलोचक,आलोचक
alochak,आलोचक,अलोचक
aalochakon,आलोचकों,आलोचकों
alochakon,आलोचकों,आलोचकों
aalha,आल्हा,आल्हा
aalhaa,आल्हा,आखा
alha,आल्हा,आल्हा
allah,आल्हा,अल्लाह
aawaazen,आवाज़ें,आवाजें
aawajen,आवाज़ें,आवाजें
awaazen,आवाज़ें,आवाजें
awazen,आवाज़ें,आवाजें
aawajon,आवाज़ों,आवाजों
aawazon,आवाज़ों,आवाजों
awaazon,आवाज़ों,आवाजों
awazon,आवाज़ों,आवाजों
aavishakaar,आविष्कार,आविशाकार
aavishkaar,आविष्कार,आविश्कार
avishkar,आविष्कार,अविष्कार
aavriti,आवृत्ति,आवृति
aavritti,आवृत्ति,आवृत्ति
avuti,आवृत्ति,आवूती
aavritiyon,आवृत्तियों,आवृतियों
aavrittiyon,आवृत्तियों,आवृत्तियों
avrutiyon,आवृत्तियों,अवृतियों
aashanka,आशंका,आशंका
ashanka,आशंका,आशंका
aashriton,आश्रितों,आश्रीतों
ashriton,आश्रितों,अश्रीतों
aasaan,आसान,आसान
aasan,आसान,आसन
asan,आसान,असन
aastik,आस्तिक,आस्तिक
astik,आस्तिक,अस्तिक
aasteen,आस्तीन,आस्तीन
aastin,आस्तीन,आस्तिन
astin,आस्तीन,अस्तिन
aahnaan,आह्नान,आहनान
aahnan,आह्नान,आहनन
ahyan,आह्नान,अह्वान
england,इंग्लैंड,इंग्लैड
engineer,इंजिनियर,इंजीनियर
introduction,इंट्रोडक्शन,इंट्रॉडक्यक्शन
insurance,इंश्योरेंस,इंसरेंस
ear,इअर,इयर
eyer,इअर,ईयर
eon,इआन,इयोन
iaan,इआन,इआन
ekattha,इकट्ठा,इकट्ठा
ikattha,इकट्ठा,इकट्ठा
ekatthi,इकठ्ठी,इकट्ठी
ekthi,इकठ्ठी,इक्टी
ikatthi,इकठ्ठी,इकट्ठी
ekaee,इकाई,ईकाई
ikai,इकाई,ईकाई
ekaeyon,इकाईयों,इकाइयों
ikaiyon,इकाईयों,इकाइयों
ikarion,इकाईयों,इकारियन
economic,इकोनोमिक,इकोनॉमिक
ecuador,इक्वाडोर,एक्यूकर
equador,इक्वाडोर,एकुडोर
equities,इक्विटीज,इक्वीटीज
ikvitija,इक्विटीज,इक्वितीजा
ijaajat,इजाजत,इजाजत
ijajat,इजाजत,इजाजत
inhalation,इनहेलेशन,इन्हालेशन
inhaletion,इनहेलेशन,इन्हेलेशन
ibija,इबीजा,इबीजा
ibiza,इबीजा,इबीजा
imaging,इमेजिंग,इमैजिंग
immune,इम्युन,इम्यून
elaichi,इलाइची,इलाइची
ilaichi,इलाइची,इलाइची
ilayachi,इलाइची,इलायची
ilayichi,इलाइची,इलाइची
elaaj,इलाज,इलाज
ilaaj,इलाज,इलाज
ilaj,इलाज,इलाज
ishaak,इशाक,इशाक
ishaaq,इशाक,इशाक
ishak,इशाक,इशक
ishaara,इशारा,इशारा
ishaaraa,इशारा,इशारा
ishara,इशारा,इशरा
ishita,इशिता,इशीता
isht,इष्ट,इश्त
isteefe,इस्तीफे,इस्टीफ
istife,इस्तीफे,इस्टीफ
ea,ईए,इए
ia,ईए,इए
eater,ईटर,ईटर
iter,ईटर,इटर
email,ईमेल,एमैल
emailon,ईमेलों,इमैलों
emelon,ईमेलों,इमेलों
evening,ईवनिंग,इवेनिंग
east,ईष्ट,ईस्ट
ishat,ईष्ट,इशत
isht,ईष्ट,इश्त
isaaiyon,ईसाइयों,ईसाइयों
isaiyon,ईसाइयों,ईसाइयों
isayiyon,ईसाइयों,ईसाइयों
ikhrul,उखरुल,इखरुल
ukhrool,उखरुल,उखरूल
ukhrul,उखरुल,उखरूल
uchhalane,उछालने,उछालने
uchhalne,उछालने,उछालने
ujback,उज़्बेक,उजबैक
uzbek,उज़्बेक,उज्बेक
uthane,उठने,उठाने
uthne,उठने,उठने
uthaakar,उठाकर,उठाकर
uthakar,उठाकर,उठाकर
uthaapatak,उठापटक,उठापतक
uthapatak,उठापटक,उठापतक
uthen,उठें,उठ्ठें
udaan,उड़ान,उदान
udan,उड़ान,उदान
udaanaa,उड़ाना,उड़ाना
udana,उड़ाना,उड़ना
udaane,उड़ाने,उड़ाने
udane,उड़ाने,उड़ने
udaanen,उड़ानें,उदानें
udanen,उड़ानें,उदानें
udaanon,उड़ानों,उदानों
udanon,उड़ानों,उदानों
utane,उतने,उतने
utaney,उतने,उतने
utne,उतने,उतने
uttara,उत्तरा,उतरा
uttra,उत्तरा,उत्तरा
utpan,उत्पन,उत्पन
udant,उदंत,उदांत
udghosh,उदघोष,उदघोष
udar,उदर,उदार
uda,उदा,उड़ा
udaa,उदा,उड़ा
udakishuganj,उदाकिशुनगंज,उदाकीशुगंज
udakishunganj,उदाकिशुनगंज,उदाकिशुंगंज
unatees,उनतीस,उनातीस
untees,उनतीस,अन्टीस
uniyal,उनियाल,यूनियाल
upadraviyon,उपद्रवियों,उपाद्रवियों
updravion,उपद्रवियों,उप्रवावियों
updraviyon,उपद्रवियों,उपद्रवियों
upadravi,उपद्रवी,उपद्रवी
updravi,उपद्रवी,उपद्रवी
upadrawon,उपद्रवों,उपाद्रवों
updravon,उपद्रवों,उपद्रवों
upneta,उपनेता,अपनेटा
upabhokta,उपभोक्ता,उपभोक्त
upbhokta,उपभोक्ता,उपभोक्त
uplaksh,उपलक्ष्य,उपलाक्ष
uplakshay,उपलक्ष्य,उपलक्षय
uplakshya,उपलक्ष्य,उपलक्ष्य
uplabdh,उपलब्ध,उपलबद्ध
uplabdhiyon,उपलब्धियों,उपलब्धियों
uplabdhi,उपलब्धी,उपलब्धि
upakhyaanon,उपाख्यानों,उपख्यानों
upakhyanon,उपाख्यानों,उपाख्यानों
ubuntu,उबंटू,उबंतु
ubaal,उबाल,उबाल
ubal,उबाल,उबल
ubhaara,उभारा,उभारा
ubhara,उभारा,उभरा
umanath,उमानाथ,उमनाथ
umesh,उमेश,उम्षेश
urf,उर्फ,आर्फ
urfa,उर्फ,उर्फा
urff,उर्फ,आरफ
urvarakon,उर्वरकों,उर्वारकों
urvarkon,उर्वरकों,उर्वारकों
urwarakon,उर्वरकों,उर्वारकों
urvarata,उर्वरता,उर्वारता
urvarta,उर्वरता,उर्वारता
urwarta,उर्वरता,उर्वार्ता
ulate,उलटे,उलते
ulte,उलटे,उल्टे
ulahana,उलाहना,उलाहना
ulahna,उलाहना,उलाहना
ulema,उलेमा,उलेमा
ulemaon,उलेमाओं,उलमेमाओं
usak,उसक,उसक
usaki,उसकी,उसकी
uski,उसकी,उसकी
usmein,उसमें,उसमेें
usmen,उसमें,उस्में
usi,उसी,यूसी
ustara,उस्तरा,उस्तरा
udharv,ऊर्ध्व,उधरव
udhrva,ऊर्ध्व,उधरवा
urdhav,ऊर्ध्व,उर्धव
ushma,ऊष्मा,उष्म
rishicool,ऋषिकुल,रिशिकूल
rishikul,ऋषिकुल,रिशिकुल
rushikul,ऋषिकुल,रूषिकुल
enzyme,एंजाइम,इंजाइम
anton,एंटोन,एंटन
entone,एंटोन,इंटोन
antoni,एंटोनी,अंतों
antony,एंटोनी,अंटोनी
endometrial,एंडोमेट्रियल,इंडोमेट्रियल
andreas,एंड्रियास,अंड्रीअस
als,एएलएस,आल्स
asi,एएसआई,असी
eksaath,एकसाथ,इक्साथ
eksath,एकसाथ,एकसाथ
ekaki,एकाकी,इकाकी
xm,एक्सएम,एक्सीएम
egmor,एगमोर,एग्मर
egmore,एगमोर,एग्मोर
aj,एजे,अज
agende,एजेंडे,अगेंदे
adp,एडीपी,एडीपी
adain,एडेन,अदाइन
aden,एडेन,अदेन
edan,एडेन,एडान
addi,एड्डी,अड्डी
eddi,एड्डी,एडीडीआई
eddie,एड्डी,एडी
eddy,एड्डी,एडी
apj,एपीजे,अपज
ftii,एफटीआईआई,फटी
abbott,एबट,अब्बॉट
abut,एबट,अबूत
ebt,एबट,ईबीटी
abvp,एबीवीपी,अब्वप
abbot,एबोट,अब्बोट
abbott,एबोट,अब्बॉट
mta,एमटीए,मटा
mtake,एमटेक,मटके
mtec,एमटेक,मेक्स
mtech,एमटेक,मटेक
emerald,एमरल्ड,एमरल्ड
emrald,एमरल्ड,एमराल्ड
emil,एमिल,एमिल
emile,एमिल,एमिले
emily,एमिल,एमिली
amy,एमी,अम्य
emi,एमी,एमआई
airway,एयरवे,एयरवे
eyarave,एयरवे,एयरावे
eyarve,एयरवे,एयरवे
error,एरर,एरर
arica,एरिका,अरिका
erica,एरिका,एरिका
erika,एरिका,एरिका
aerobic,एरोबिक,एरोबिक
aerobics,एरोबिक,एरोबिक्स
lte,एलटीई,लते
lti,एलटीई,लती
allergic,एलर्जिक,अलर्जिक
eliminator,एलिमिनेटर,एलिमिनेटर
aliens,एलियंस,अलाइंस
alliance,एलियंस,एलायंस
asian,एशियन,एशियाई
sfc,एसएफसी,एसएफसी
sk,एसके,एसके
spf,एसपीएफ,एसपीएफ
association,एसोसिएशन,एसोसिएशन
astar,एस्टर,अस्तर
aster,एस्टर,अस्टर
ester,एस्टर,ईस्टर
aesthetics,एस्थेटिक,एस्थेटिक्स
asthetic,एस्थेटिक,एस्थेटिक
asfalt,एस्फाल्ट,असफल्त
asphalt,एस्फाल्ट,अस्फल्त
asphault,एस्फाल्ट,अस्फॉल्ट
ahsaas,एहसास,अहसास
ehsaas,एहसास,इहसास
ehsas,एहसास,एहसास
aisa,एेसा,ऐसा
eesa,एेसा,ईसा
ainth,ऐंठ,ऐंठ
end,ऐंठ,ऐंड
enth,ऐंठ,ईंथ
ainthey,ऐंठे,ऐंथे
enthe,ऐंठे,इंठे
aithan,ऐठन,ऐंठन
ethan,ऐठन,ऐंठन
ethhan,ऐठन,ऐंठन
ail,ऐल,ऐल
el,ऐल,ऐल
alaps,ऐल्प्स,अलाप्स
alps,ऐल्प्स,आल्प्स
aise,ऐसे,ऐसे
oxide,ऑक्साइड,ऑक्साइड
oxy,ऑक्सी,ऑक्सी
offers,ऑफर्स,ऑफर्स
offshor,ऑफशोर,ऑफश्शर
offshore,ऑफशोर,ऑफशोर
official,ऑफिशियल,ऑफिसियल
okalahoma,ओकलाहोमा,ओकलहोमा
oklahoma,ओकलाहोमा,ओकलहोमा
oklahoma,ओक्लाहोमा,ओकलहोमा
ot,ओत,आटी
opel,ओपेल,ओपेल
obrayan,ओब्रायन,ओबरायन
obrien,ओब्रायन,ओबरीन
oran,ओरण,ओरान
orian,ओरियन,ओरियान
orion,ओरियन,ओरियन
olavrishti,ओलावृष्टि,ओलावृष्टि
ovum,ओवम,ओवम
owem,ओवम,ओवेम
oceanic,ओशनिक,आसिएनिक
osaka,ओसाका,ओसका
auchity,औचित्य,अक्छित्य
auchitya,औचित्य,अयचित्य
audhyogikaran,औद्योगिकरण,औद्योगिकारण
audyogikarana,औद्योगिकरण,औद्योगिकरण
audyogikikaran,औद्योगिकरण,औद्योगिकिकरण
aurangabad,औरंगाबाद,औरंगबाबाद
aurora,औरोरा,औरोरा
aulakh,औलख,औलख
kankad,कंकड़,कांकड़
kankar,कंकड़,कनकर
kankad,कंकर,कांकड़
kankar,कंकर,कनकर
kangan,कंगन,कंगण
conjunction,कंजंक्शन,कंजांशन
contemporary,कंटेम्पररी,कंटेमीपरी
kanthahar,कंठहार,कंठाहर
kanthhar,कंठहार,कंठर
composer,कंपोजर,कंपोसर
kambalon,कंबलों,कंबलों
kanblon,कंबलों,कांबलों
consultant,कंसलटेंट,कंसल्टांट
kakkad,कक्कड़,कक्कड़
kakkar,कक्कड़,कक्कर
kacche,कच्चे,कच्चे
kachche,कच्चे,कच्चे
karta,कटरा,करता
katra,कटरा,कटरा
cutlery,कटलरी,कटलरी
katlari,कटलरी,कतलारी
katlary,कटलरी,काटलरी
katasaraj,कटासराज,कतसराज
kathfodave,कठफोड़वे,कथफोदावेव
kathfodve,कठफोड़वे,कथफोद्वे
kathor,कठोर,काठोर
kathore,कठोर,कथोरे
kanika,कणिका,कनिका
kathai,कत्थई,कथाई
katthai,कत्थई,कट्ठाई
katthaii,कत्थई,कठ्ठाई
convention,कनवेंशन,कन्वेशन
canals,कनाल,कैनल्स
kanaal,कनाल,कनाल
kanal,कनाल,कनाल
kanindham,कनिंघम,कनिंधम
kaningham,कनिंघम,कनिंघम
kanishthika,कनिष्ठिका,काणिश्चिका
kanishthikaa,कनिष्ठिका,कानीश्थिका
kanishtika,कनिष्ठिका,काणिश्तिका
kanyaayen,कन्याएं,कन्याएं
kanyaein,कन्याएं,कन्याएं
kanyayen,कन्याएं,कन्याएं
convention,कन्वेंशन,कन्वेशन
convocation,कन्वोकेशन,कन्वोकेशन
cup,कप,कप
kap,कप,कप
kapda,कपड़ा,कपड़ा
kpada,कपड़ा,कपाड़ा
kapdo,कपड़ो,कपड़ो
kapdon,कपड़ो,कपड़ों
kaping,कपिंग,कैपिंग
kping,कपिंग,क्पिंग
kapolkalpana,कपोलकल्पना,कपोलकाल्पन
kabaddi,कबड्डी,कबाद्दी
kabr,कब्र,कबर
kabra,कब्र,कबरा
kabren,कब्रें,कबरें
kabron,कब्रों,कबरों
kamjor,कमज़ोर,कामजोर
kamzor,कमज़ोर,कमजोर
kamatar,कमतर,कमतर
kamtar,कमतर,कमतर
kalamjeet,कमलजीत,कलमजीत
kamaljeet,कमलजीत,कमलजीत
kamaauu,कमाऊ,कमाऊ
kamau,कमाऊ,कमाऊ
kamaate,कमाते,कमाते
kamate,कमाते,कमते
kamere,कमेरे,कमेरे
kmere,कमेरे,कमेरे
karanj,करंज,करंज
kranj,करंज,क्रंज
karanjiya,करंजिया,करणजीय
kardhe,करघे,कर्धे
karghe,करघे,करघे
karachana,करछना,कराचना
karchhana,करछना,करछना
karna,करना,करना
karpatri,करपात्री,करपत्री
karam,करम,करम
karoor,करूर,करूर
karur,करूर,करूर
karnataka,कर्नाटका,कर्णतका
karvi,कर्वी,करवी
kurvi,कर्वी,कुर्वी
kalmein,कलमें,कलमें
kalmen,कलमें,कलमें
kalraj,कलराज,कलराज
kalika,कलिका,कालिका
kalpanaon,कल्पनाओं,कल्पनाओं
kalpnaon,कल्पनाओं,कल्पनाओं
kavvaliyon,कव्वालियों,कववालियों
qawwaliyon,कव्वालियों,कववालियों
kavvali,कव्वाली,कववाली
qawwali,कव्वाली,क़व्वाली
kashton,कष्टों,कष्टों
kasarat,कसरत,कसरत
kasrat,कसरत,कसरत
kasara,कसारा,कसरा
kasida,कसीदा,कसीदा
kahane,कहने,कहाने
kahne,कहने,कहने
kahlaya,कहलाया,कहलाया
kahaniyon,कहानियों,कहानियों
kile,क़िले,किले
kanji,कांजी,कंजी
cant,कांट,केंट
kant,कांट,कंट
kanti,कांति,कंटी
kakoo,काकू,काकू
kaku,काकू,काकु
kaagaj,कागज़,कागज
kaagaz,कागज़,काग़ज़
kagaj,कागज़,कागज
kagaz,कागज़,कागज
kaaji,काजी,काजी
kaji,काजी,काजी
kazi,काजी,काजी
qazi,काजी,क़ाज़ी
kajoo,काजू,काजू
kaju,काजू,काजू
kapadi,कापड़ी,कपड़ी
kapdi,कापड़ी,कपड़ी
kamraj,कामराज,कमराज
kamottejana,कामोत्तेजना,कमोत्तेजन
kamottejna,कामोत्तेजना,कमोतेजना
kailana,कायलाना,कैलाना
kaylana,कायलाना,कायलना
carfi,कार्की,कार्फी
karki,कार्की,कर्की
kartik,कार्तिक,कार्टिक
karyakartaon,कार्यकर्ताओं,कार्यकार्ताओं
karykartaaon,कार्यकर्ताओं,कार्यकार्ताओं
karykartaon,कार्यकर्ताओं,कार्यकार्ताओं
karyabhar,कार्यभार,कार्यभार
karybhar,कार्यभार,कार्यभार
karyarat,कार्यरत,कार्यारात
karyrat,कार्यरत,कार्यरत
kaalpi,कालपी,काल्पि
kalapi,कालपी,कलापि
kalpi,कालपी,कल्पी
kalika,कालिका,कालिका
kalighat,कालीघाट,कलीघट
coldvel,काल्डवेल,कॉल्डवेल
kaldvel,काल्डवेल,कलदवेल
kaldwell,काल्डवेल,कालडवेल
kaav,काव,काव
kav,काव,काव
kaasht,काश्त,काष्ट
kasht,काश्त,काष्ट
kasim,कासिम,कसीम
qasim,कासिम,कैसिम
kasimabad,कासिमाबाद,कासीमाबाद
kiya,किया,किया
kiliyan,किलियन,कीलियां
killat,किल्लत,किल्लत
killi,किल्ली,किल्ली
kisaani,किसानी,किसानी
kisani,किसानी,किसनी
kisanon,किसानों,कीसनों
keede,कीड़े,कीड़े
kide,कीड़े,किडे
keynote,कीनोट,कीनोटिय
kinote,कीनोट,किनोटे
kiratpur,कीरतपुर,किरतपुर
kundal,कुंडल,कुंडल
kundaliya,कुंडलियाँ,कुंदलिया
kundaliyan,कुंडलियाँ,कुंडलियां
kutta,कुत्ता,कुट्टा
kuposhit,कुपोषित,कुपोषित
kumau,कुमाऊ,कुमाऊ
kumavat,कुमावत,कुमावत
kumawat,कुमावत,कुमावत
kural,कुराल,कुरल
kurmi,कुर्मी,कुर्मी
kursiyon,कुर्सियों,कुर्सियों
kush,कुश,कुश
kushaan,कुषाण,कुशान
kushan,कुषाण,कुशन
kusumalataa,कुसुमलता,कुसुमलता
kusumalta,कुसुमलता,कुसुमलता
kusumlata,कुसुमलता,कुसुमलता
koot,कूट,कूट
kut,कूट,कुट
kritika,कृतिका,कृतिका
kpo,केपीओ,कपो
canterbari,कैंटरबरी,कंतरबारी
canterbury,कैंटरबरी,कैंटरबरी
candidate,कैंडिडेट,कैंडिडेट
katrina,कैटरीना,कटरीना
caitlyn,कैटलिन,कैटलिन
cateline,कैटलिन,कैटेलाइन
catlin,कैटलिन,कैटलिन
cadmium,कैडमियम,कैडमियम
catholic,कैथोलिक,कैथलिक
catholicon,कैथोलिकों,कैथलिकों
kaetholikon,कैथोलिकों,कैथलिकों
capacitor,कैपेसिटर,कैपेक्टर
carat,कैरेट,कारेट
cavity,कैविटी,कैविटी
cavalry,कैवेलरी,कैवल्री
kaivelari,कैवेलरी,कैवलेरी
complex,कॉम्प्लेक्स,कंप्लेक्स
kocchi,कोच्चि,कोच्ची
kochi,कोच्चि,कोची
corridor,कोरिडोर,कॉरिडोर
corolla,कोरोला,कोरोल्ला
korola,कोरोला,कोरोला
caolan,कोलन,काओलन
colan,कोलन,कॉलन
colon,कोलन,कॉलों
calling,कोलिंग,कैलिंग
koling,कोलिंग,कोलिंग
colorado,कोलोराडो,कलराडो
kolorado,कोलोराडो,कोलोर्डो
kaushal,कौशल,कौशल
kaushalata,कौशलता,कौशलता
kaushalta,कौशलता,कौशलता
kaushambi,कौशाम्बी,कौशंबी
cute,क्यूट,कटी
quete,क्यूट,क्वेट
cube,क्यूब,कबे
cubeck,क्यूबेक,कबेक
quebec,क्यूबेक,क्वाबिक
cubes,क्यूब्स,कब्स
krantiyon,क्रांतियों,कृंटियों
cric,क्रिक,क्रिक
crick,क्रिक,क्रिक
cricket,क्रिकेट,क्रिकट
cricketer,क्रिकेटर,क्रिकटर
cricketing,क्रिकेटिंग,क्रिकेटिंग
kriyayog,क्रियायोग,क्रियायोग
christian,क्रिश्चयन,क्रिश्चियन
kruger,क्रूगर,क्रुगर
craig,क्रेग,क्रैग
creg,क्रेग,सीआरएज
cradle,क्रैडल,क्रैडल
chrom,क्रोम,क्रोम
chrome,क्रोम,क्रोम
client,क्लांइट,क्लाइंट
clock,क्लाक,क्लॉक
clasen,क्लासें,क्लासेन
classen,क्लासें,क्लासेन
classon,क्लासों,क्लासों
clay,क्ले,क्ले
claris,क्लेरिस,क्लारिस
cleris,क्लेरिस,क्लारिस
clerys,क्लेरिस,क्लारिस
quantico,क्वांटिको,क्वांटीको
queens,क्वींस,क्वींस
kshitij,क्षितिज,क्षितिज
shitij,क्षितिज,शीतिज
kshin,क्षीण,क्षिण
shin,क्षीण,शिन
kshetron,क्षेत्रों,क्षेत्रों
shetron,क्षेत्रों,शेत्रों
khand,खंडा,खांड
khanda,खंडा,खांडा
khachakhach,खचाखच,खचाखच
khajarana,खजराना,खजरना
khajraana,खजराना,खजराना
khajrana,खजराना,खजराना
khatakati,खटकती,खतकती
khatakti,खटकती,खटकती
kihatkati,खटकती,किहातकती
khattapan,खट्टापन,खत्तापन
khat,खत,खत
khani,खनि,खानी
khanik,खनिक,खानिक
khanikarm,खनिकर्म,खानीकर्म
khanikarma,खनिकर्म,खानीकर्म
khanikarmi,खनिकर्म,खानिकर्मी
khapat,खपत,खपट
khariya,खरिया,खरीया
khalnayak,खलनायक,खलनायक
khaaskar,ख़ासकर,खासकर
khaskar,ख़ासकर,खसकर
khaastaur,ख़ासतौर,खासतौर
khastaur,ख़ासतौर,खस्तौर
khaibar,ख़ैबर,खैबर
khyber,ख़ैबर,खैबर
khaein,खाएं,खाएं
khaen,खाएं,खाएं
khayen,खाएं,खायें
khaate,खाते,खाते
khaatey,खाते,खाते
khate,खाते,खाते
khal,खाल,खल
khinchakar,खिंचकर,खींचकर
khinchkar,खिंचकर,खींचकर
khilana,खिलाना,खिलना
khinchkar,खींचकर,खींचकर
khuda,खुदा,खुड़ा
khudai,खुदाई,खुड़ाई
khurapka,खुरपका,खुरापका
khurpaka,खुरपका,खुरपका
khurasan,खुरासान,खुरासन
khushiyan,खुशियां,खुशियां
khene,खेने,खेने
khaini,खैनी,खैनी
khairati,खैराती,खैराती
khoikhoi,खोईखोई,खोईखोई
khoya,खोया,खोया
gangrel,गंगरेल,गैंग्रेल
gangaajal,गंगाजल,गंगाजल
gangajal,गंगाजल,गंगाजल
gandaki,गंडकी,गंदाकी
gandki,गंडकी,गंदकी
gandh,गंध,गंध
gandha,गंध,गंधा
gae,गए,गाए
gaye,गए,गाये
gajara,गजरा,गाजरा
gajra,गजरा,गाजरा
gadkar,गडकर,गादकर
ganapati,गणपति,गणपती
ganpati,गणपति,गणपती
gatisheel,गतिशील,गतिशील
gatishil,गतिशील,गतिशील
gatishilata,गतिशीलता,गतिशीलता
gadadhar,गदाधर,गद्धार
gammat,गम्मत,गम्मत
gaya,गया,गाया
garibi,गरीबी,गरीबी
garjana,गर्जना,गरजना
galgand,गलगंड,गालगंड
gahmagahmi,गहमागहमी,गहमगहमी
gemhagehmi,गहमागहमी,गेमहाग्मही
ganguly,गांगुली,गंगुली
gaanth,गांठ,गांठ
ganth,गांठ,गंठ
gaanthe,गांठे,गंठे
ganthe,गांठे,गंठे
ganthen,गांठें,गंठें
ganthon,गांठों,गंठों
gaen,गाएं,गाएं
gayen,गाएं,गायें
gazi,गाज़ी,गाजी
gajipur,गाजीपुर,गाज़ीपुर
gazipur,गाजीपुर,गाज़ीपुर
gayatri,गायत्री,गायत्री
gayitri,गायत्री,गैयत्री
gaytri,गायत्री,गायत्री
gidgidate,गिड़गिड़ाते,गिजगेजास
ginate,गिनते,गिनेट
ginte,गिनते,गिनते
girkar,गिरकर,गिरकर
girijaghar,गिरजाघर,गिरिजाघर
girjaghar,गिरजाघर,गिरजगर
girijagharon,गिरजाघरों,गिरिजाघरों
girjagharon,गिरजाघरों,गिरजाघरों
girati,गिरती,गिरती
girti,गिरती,गिरती
girish,गिरीश,गिरीष
guan,गुआन,गुआन
gujar,गुजार,गुजर
gujarata,गुजारता,गुजरता
gujarta,गुजारता,गुजरता
gujarate,गुजारते,गुजरते
gujarte,गुजारते,गुजरते
gujarana,गुजारना,गुजराना
gujarna,गुजारना,गुजरना
gujara,गुजारा,गुजरा
gujare,गुजारे,गुजरे
gutta,गुट्टा,गुट्टा
gthalidar,गुठलीदार,ग्थालीदार
guthalidar,गुठलीदार,गुथलीदार
gudna,गुदना,गुदना
gumaan,गुमान,गुमान
guman,गुमान,गुमान
gulshan,गुलशन,गुलशान
gunga,गूंगा,गुंगा
grihnagar,गृहनगर,गृहनागर
gruhnagar,गृहनगर,गृहनगर
galaxion,गैलेक्सियों,गैलकैशन
galaxiyon,गैलेक्सियों,गलक्षियों
galaxyon,गैलेक्सियों,गैलक्सियों
gochar,गोचर,गोचार
gouchar,गोचर,गौचार
godara,गोदारा,गोडरा
gopichand,गोपीचंद,गोपीचंद
gomake,गोमके,गोमके
gomke,गोमके,गोमके
goel,गोयल,गोएल
goyal,गोयल,गोयल
gosvaami,गोस्वामी,गोसवामी
gosvami,गोस्वामी,गोस्वामी
goswami,गोस्वामी,गोस्वामी
gaumukh,गौमुख,गौमुख
gomukh,गौमुख,गोमुख
gaumutr,गौमूत्र,गौमूत्र
gaumutra,गौमूत्र,गौमुत्र
gowmutra,गौमूत्र,गोममुत्र
granthiyaan,ग्रंथियां,ग्रंथियां
granthiyan,ग्रंथियां,ग्रंथियां
grandhiyon,ग्रंथियों,गृंधियों
granthiyon,ग्रंथियों,गृंथियों
greest,ग्रीस्ट,ग्रीस्ट
greist,ग्रीस्ट,ग्रेस्ट
grist,ग्रीस्ट,ग्रिस्ट
greg,ग्रेग,ड्रेग
granite,ग्रेनाइट,ग्रानाइट
grenite,ग्रेनाइट,ग्रेनेट
grandson,ग्रैंडसन,ग्रैंडसन
gross,ग्रॉस,ग्रोस
ghataatop,घटाटोप,घटाटोप
ghatatop,घटाटोप,घटतोप
ghataayaa,घटाया,घटाया
ghataya,घटाया,घटाया
ghanakar,घनाकार,घनाकर
ghabrahat,घबराहट,घबराहट
ghasi,घासी,घासी
ghisai,घिसाई,घिसी
ghisi,घिसी,घीसी
ghise,घिसे,घीसे
ghumakkadi,घुमक्कड़ी,घुमक्कड़ी
ghumakkdi,घुमक्कड़ी,घुमक्कड़ी
ghumakkadon,घुमक्कड़ों,घुमककादों
ghumakkaron,घुमक्कड़ों,घुमक्करों
ghumakkdon,घुमक्कड़ों,घुमककदों
ghummakkadon,घुमक्कड़ों,घूम्मकादों
ghumaan,घुमाण,घुमान
ghuman,घुमाण,घुमन
ghoonsa,घूंसा,घूंसा
ghunsa,घूंसा,घुंसा
ghongha,घोंघा,घोंघा
ghontane,घोंटने,घोंटने
ghontne,घोंटने,घोंटने
ghot,घोट,घोट
ghodi,घोड़ी,घोड़ी
ghost,घोस्ट,घोस्त
changul,चंगुल,चंगुल
chand,चंद,चांड
chandan,चंदन,चंदन
chandana,चंदन,चंदना
chandu,चंदू,चांडू
chandon,चंदों,चंदों
chandrabali,चंद्रबली,चंद्रबली
chandramaon,चंद्रमाओं,चंद्रमाओं
chakatte,चकत्ते,चकत्ते
chaktte,चकत्ते,चक्ते
chakkar,चक्कर,चक्कर
chkkar,चक्कर,चक्कर
chakshu,चक्षु,चक्शु
chatagaon,चटगांव,चटाताओं
chatgaon,चटगांव,चटगांव
chadhane,चढ़ने,चढ़ाने
chadhne,चढ़ने,चढ़ने
chaturdik,चतुर्दिक,चातुर्दिक
chatunshkoniy,चतुष्कोणीय,चतुंशकों
chatushkoniy,चतुष्कोणीय,चतुशकों
chatushkoniya,चतुष्कोणीय,चतुशकों
channa,चन्ना,चन्ना
chabate,चबाते,चबाबते
chabutare,चबूतरे,चबुतरे
chabutre,चबूतरे,चबुत्रे
chamakna,चमकना,चमकना
chamkana,चमकना,चमकाना
charas,चरस,चारस
charit,चरित,चरित
charcha,चर्चा,चर्चा
churcha,चर्चा,चर्च्छा
charchaon,चर्चाओं,चर्चाओं
chalenge,चलेंगे,चलेंगे
chlenge,चलेंगे,च्लेंज
chahunaur,चहुंओर,चाहुनार
chahunor,चहुंओर,चाहुनोर
chanval,चांवल,चांवल
chanwal,चांवल,चंवाल
chachaji,चाचाजी,चचाजी
chadar,चादर,चादर
chadaron,चादरों,चादरों
chadron,चादरों,चादरों
chan,चान,चान
chanan,चानन,चनन
chaplusi,चापलूसी,चपलुसी
chayal,चायल,चयाल
char,चार,चार
charon,चारों,चारों
charge,चार्ज,चार्ज
chart,चार्ट,चर्त
charton,चार्टों,चरतों
charts,चार्ट्स,चर्ट्स
chaalit,चालित,चालित
chalit,चालित,चलित
chikitsak,चिकित्सक,चिकित्साक
chikitsakon,चिकित्सकों,चिकित्साकों
chikhali,चिखली,चिखली
chiththi,चिट्ठी,चित्ती
chitthi,चिट्ठी,चित्ती
chithhi,चिठ्ठी,चित्छी
chiththi,चिठ्ठी,चित्ती
chitthi,चिठ्ठी,चित्ती
chidchidapan,चिडचिडापन,चिड़चिड़ापन
chidchidapan,चिड़चिड़ापन,चिड़चिड़ापन
chidhate,चिढ़ते,चिढ़ते
chidhte,चिढ़ते,चिढ़ते
chithrkar,चित्रकार,चित्रकर
chitrkar,चित्रकार,चित्रकार
chipakane,चिपकने,चिपकने
chipakne,चिपकने,चिपकने
chipkane,चिपकने,चिपकाने
chimati,चिमटी,चीमती
chimti,चिमटी,चीमती
chillane,चिल्लाने,चिल्लाने
chee,ची,ची
chi,ची,ची
chuka,चुका,चुका
chune,चुने,चुने
chunar,चूनर,चुनार
changed,चेंज्ड,चांगेद
chetti,चेट्टी,चेत्ती
chennai,चेन्नई,चेनने
chero,चेरो,चेरो
chest,चेस्ट,चेस्ट
championship,चैंपियनशिप,चैंपिशिप
chor,चोर,चोर
choro,चोरों,चोरो
choron,चोरों,चोरों
chauk,चौक,चौक
chowk,चौक,चाउक
chauka,चौका,चौका
chuka,चौका,चुका
chaukiyan,चौकियां,चौकियां
chauki,चौकी,चौकी
chaukhate,चौखटे,चौखते
chauguni,चौगुनी,चौगुनी
chauda,चौड़ा,चौड़ा
chaudah,चौड़ा,चौदह
chaudahavan,चौदहवां,चौदहवां
chaudhavan,चौदहवां,चौदहवान
chaudhawan,चौदहवां,चौदहवान
chaupati,चौपाटी,चौपती
chupaty,चौपाटी,चुपत्य
chaupal,चौपाल,चौपल
chaurai,चौरई,चौराई
chausinga,चौसिंगा,चौसींगा
chausingha,चौसिंगा,चौसींघा
chhagan,छगन,छगान
chhabi,छबि,छबी
chhalla,छल्ला,छल्ला
chhallaa,छल्ला,छल्ला
chhaviyaan,छवियाँ,छावियां
chhaviyan,छवियाँ,छावियां
chhavi,छवी,छावी
cheh,छह,चेह
chhah,छह,छाह
chehon,छहों,चेहों
chhahon,छहों,छाहों
chhai,छाई,छाई
chhagla,छागला,छगला
chhajan,छाजन,छजन
chhaati,छाती,छाती
chhati,छाती,छती
chhaapemaar,छापेमार,छापेमार
chhapemar,छापेमार,छपेमार
chheenk,छींक,छींक
chhink,छींक,छींक
chink,छींक,चींक
chenkein,छींके,चेंकें
chhekein,छींके,छेकें
chhinke,छींके,छींके
chhinky,छींके,छींके
chinke,छींके,चिंके
chhudaane,छुडाने,छुड़ाने
chhudane,छुडाने,छुड़ाने
chhupakar,छुपकर,छुपकर
chhupkar,छुपकर,छुपकर
chhupkr,छुपकर,छुपक्र
chhupata,छुपता,छुपता
chhupta,छुपता,छुप्ता
chhuptaa,छुपता,छुप्ता
chhura,छुरा,छुड़ा
chhuraa,छुरा,छुड़ा
chhuree,छुरी,छुरी
chhuri,छुरी,छुरी
chhure,छुरे,छुरे
chhootane,छूटने,छूटने
chhutane,छूटने,छुटाने
chhutne,छूटने,छुटने
chheter,छेत्र,छेतेर
chhetr,छेत्र,छेत्र
chhetter,छेत्र,छेत्तर
chhetri,छेत्री,छेत्री
chhetthari,छेत्री,छेत्तारी
chhetthri,छेत्री,छेत्तरी
chai,छै,चाई
chhai,छै,छाई
chhe,छै,छी
jagaega,जगाएगा,जगाएगा
jagayega,जगाएगा,जगाएगा
jaghaega,जगाएगा,जगहाएगा
jgaayega,जगाएगा,जगाएगा
jgayegaa,जगाएगा,जगाएगा
jajaon,जजों,जजाओं
jajon,जजों,जजों
jad,जड़,जाद
jadd,जड़,जाद्द
jaddit,जड़ित,जड़ाड़ित
jadeite,जड़ित,जड़ेते
jadet,जड़ित,जड़ेट
jadit,जड़ित,जादित
jadein,जड़ें,जादें
jaden,जड़ें,जादें
jatara,जतरा,जातरा
jatra,जतरा,जात्र
jataati,जताती,जताती
jatatee,जताती,जताती
jatati,जताती,जताती
janagananaa,जनगणना,जनगनना
janaganna,जनगणना,जनगन्न
jangadnaa,जनगणना,जांगड़ना
janganana,जनगणना,जंगनना
janganna,जनगणना,जांगन्न
janajagran,जनजागरण,जनजगरण
janjaagran,जनजागरण,जनजागरण
janjagran,जनजागरण,जनजागरण
january,जनवरी,जनुर्य
janahaani,जनहानि,जनहाहानी
janahani,जनहानि,जनाहनी
janhaani,जनहानि,जनहानी
janhani,जनहानि,जनहानी
jnhaani,जनहानि,जन्हानी
jamaate,जमाती,जमाते
jamaati,जमाती,जमाती
jamati,जमाती,जमती
jamaaya,जमाया,जमाया
jamaeya,जमाया,जमाए
jamaya,जमाया,जमाया
jamayaa,जमाया,जमाया
jamuai,जमुई,जमुई
jamuei,जमुई,जमुई
jamui,जमुई,जमूई
jai,जय,जै
jay,जय,जय
jaidayal,जयदयाल,जैदायल
jayadayal,जयदयाल,जायदयल
jaydayal,जयदयाल,जायदयल
jaibaan,जयबाण,जैबान
jaiban,जयबाण,जैबान
jaybaan,जयबाण,जयबान
jayalalita,जयललिता,जयलालिता
jayalalitaa,जयललिता,जयलालिता
jayalalithaa,जयललिता,जयलालिथा
jaylalita,जयललिता,जयलालिता
jarakh,जरख,जरख
zarakh,जरख,जरख
jarda,जर्दा,जर्दा
jardaa,जर्दा,जरदा
zarda,जर्दा,जर्दा
jalagati,जलगति,जलगती
jalgati,जलगति,जलगती
jalgti,जलगति,जलगती
jalte,जलते,जलते
jalbharav,जलभराव,जलभराव
jalbhraav,जलभराव,जलभराव
jalbhrav,जलभराव,जलभराव
jalvaayu,जलवायु,जलवायु
jalvayu,जलवायु,जलवायु
jalesar,जलेसर,जलेसर
jasmeet,जसमीत,जसमीत
jasmit,जसमीत,जसमित
jassee,जस्सी,जस्सी
jassi,जस्सी,जस्सी
jamaanaa,ज़माना,जमाना
jamana,ज़माना,जमाना
zamaanaa,ज़माना,जमाना
zamana,ज़माना,जमाना
jaljale,ज़लज़ले,जलजले
zalzale,ज़लज़ले,जलझाले
zee,ज़ी,जी
jubaan,ज़ुबान,जुबान
juban,ज़ुबान,जुबान
zuban,ज़ुबान,जुबान
jaanch,जाँच,जांचां
jaaunch,जाँच,जाऊंच
janch,जाँच,जांचा
jaunch,जाँच,जांचा
jaagriti,जागृति,जागरिती
jagriti,जागृति,जगरीती
jagruti,जागृति,जगरूती
jajamau,जाजमऊ,जजमऊ
jajmau,जाजमऊ,जजमऊ
jajmauu,जाजमऊ,जजमऊ
jaat,जात,जात
jat,जात,जत
jaatak,जातक,जातक
jatak,जातक,जटक
jaatakon,जातकों,जातकों
jaatkon,जातकों,जातकों
jatakon,जातकों,जटकों
jaatiyon,जातियों,जातियों
jatiyon,जातियों,जातियों
jaankaaron,जानकारों,जानकारों
jaankaron,जानकारों,जानकरों
jankaron,जानकारों,जनकरों
jaanam,जानम,जानम
janam,जानम,जन्म
jaayke,जायके,जायके
jayke,जायके,जायके
jaawar,जावर,जावर
zawar,जावर,जवर
jing,जिंग,जिंग
gin,जिन,गिन
jeen,जिन,जीन
jin,जिन,जीन
ginee,जिनी,गिनी
jinee,जिनी,जिनी
jini,जिनी,जीनी
geneva,जिनीवा,जेनेवा
jeneva,जिनीवा,जेनेवा
jiniva,जिनीवा,जीनिवा
gypsy,जिप्सी,जिप्सी
jimme,जिम्मे,जिम्मे
jiya,जिया,जिया
gic,जीआईसी,जीआईसी
gr,जीआर,ग्र
gm,जीएम,जीएम
gsm,जीएसएम,ग्सम
gtod,जीतोड़,ग्टोड
gtor,जीतोड़,ग्टोर
jeetod,जीतोड़,जीतोड़
jitod,जीतोड़,जितोड़
jean,जीन,जीन
jeen,जीन,जीन
jin,जीन,जीन
jeenon,जीनों,जीनों
jinon,जीनों,जीनों
jeepney,जीपनी,जीपने
jipani,जीपनी,जिपनी
jeeyo,जीयो,जीयो
jio,जीयो,जिओ
jiyo,जीयो,जियो
jeera,जीरा,जीरा
jira,जीरा,जीरा
jeevant,जीवंत,जीवंत
jivant,जीवंत,जीवंत
jeevan,जीवन,जीवन
jeewan,जीवन,जीवन
jivan,जीवन,जीवन
jiwan,जीवन,जीवान
jeevanshaili,जीवनशैली,जीवनशैली
jivanshaili,जीवनशैली,जीवनशैली
jeevniyaan,जीवनियां,जीवनियां
jivaniya,जीवनियां,जीवनीय
jivaniyaan,जीवनियां,जीवनियां
jivaniyan,जीवनियां,जीवनियां
jeevraaj,जीवराज,जीवराज
jivraj,जीवराज,जीवराज
jua,जुए,जुआ
jue,जुए,जुए
juye,जुए,जुए
jutee,जुटी,जुती
juti,जुटी,जूती
judaai,जुड़ाई,जुड़ाई
judae,जुड़ाई,जुड़ाए
judai,जुड़ाई,जुड़ाई
judaai,जुदाई,जुड़ाई
judai,जुदाई,जुड़ाई
junoon,जुनून,जूनून
junun,जुनून,जूनून
junooni,जुनूनी,जूनूनी
jununi,जुनूनी,जूनूनी
jubair,जुबेर,जुबैर
juber,जुबेर,जुबेर
zubair,जुबेर,जुबैर
juraab,जुराब,जुराब
jurab,जुराब,जुरब
julaahon,जुलाहों,जुलाहों
julahon,जुलाहों,जुलाहों
julmon,जुल्मों,जुल्मों
zulmon,जुल्मों,जुल्मों
jood,जूड,जूद
jud,जूड,जुड़
junagadh,जूनागढ,जुनागढ़
junagarh,जूनागढ,जुनागढ़
junior,जूनियर,जुनियर
jealous,जूलूस,जीलोज
juloos,जूलूस,जूलूस
julus,जूलूस,जूलूस
jetha,जेठा,जेठा
jenner,जेनर,जेनेर
generic,जेनरिक,जेनेरिक
jenrick,जेनरिक,जैनरिक
generat,जेनरेट,जनरेट
generate,जेनरेट,जनरेट
jenee,जेनी,जेनी
jenni,जेनी,जेन्नी
jenny,जेनी,जेनी
james,जेम्स,जमेस
jeremy,जेरेमी,जरेमी
gerome,जेरोम,जरोम
jerome,जेरोम,जेरोम
jacks,जैक्स,जैक्स
jain,जैन,जैन
gene,जैने,जेने
jaine,जैने,जाइने
jaino,जैनों,जैनो
jainon,जैनों,जाइनों
jerry,जैरी,जेरी
jasper,जैस्पर,जसपर
jogging,जॉगिंग,जॉगिंग
johnson,जॉनसन,जॉन्सन
jobs,जॉब्स,जॉब्स
jockey,जोकि,जॉकी
joki,जोकि,जोकी
jokhim,जोखिम,जोखिम
joddta,जोड़ता,जोड़ता
jodta,जोड़ता,जोडता
jorhta,जोड़ता,जोड़ता
jodiyon,जोड़ियों,जोड़ियों
jodo,जोड़ो,जोडो
jaun,जौं,जाऊं
gyatavya,ज्ञातव्य,ज्ञातव्य
gyatvy,ज्ञातव्य,ज्ञातव्य
gyapit,ज्ञापित,ज्ञापित
jyotiba,ज्योतिबा,ज्योतिबा
joint,ज्वाइंट,जॉइंट
jvar,ज्वार,ज्वर
jwar,ज्वार,ज्वर
jvaaron,ज्वारों,ज्वारों
jvaron,ज्वारों,ज्वरों
jwaron,ज्वारों,ज्वारों
jewellers,ज्वेलर्स,ज्वेलर्स
jh,झ,झ
jha,झ,झा
jhalakti,झलकती,झलकती
jhalkati,झलकती,झलकती
jhalla,झल्ला,झल्ला
jhankana,झांकना,झांकना
jhankna,झांकना,झांकना
jheel,झील,झील
jhil,झील,झील
jheelon,झीलों,झीलों
jhilon,झीलों,झीलों
jhuthala,झुठला,झूठला
jhuthla,झुठला,झूठला
jhuthalane,झुठलाने,झुठलाने
jhuthlane,झुठलाने,झुठलाने
tankaar,टंकार,टंकार
tankar,टंकार,टंकर
takara,टकरा,टकरा
takra,टकरा,टकरा
takaraon,टकरावों,टाकराओं
takravon,टकरावों,टकरावों
tapakti,टपकती,तपकती
tapkati,टपकती,तपकती
time,टाइम,टाईम
timer,टाइमर,टाइमर
taoo,टाऊ,टू
tau,टाऊ,ताऊ
tapoowo,टापुओं,टापूवो
tapuon,टापुओं,तापून
tapuwo,टापुओं,टापूवो
tied,टायर्ड,टाईड
tired,टायर्ड,टायर्ड
tyred,टायर्ड,टायर्ड
tarch,टार्च,टार्च
torch,टार्च,टर्च
tik,टिक,टीक
teap,टिप,टीप
tip,टिप,तीप
tippanikar,टिप्पणीकार,तिप्पानिकार
tippnikar,टिप्पणीकार,तिप्पनिकार
tivolee,टिवोली,तिवोली
tivoli,टिवोली,तिवोली
teekamgarh,टीकमगढ़,तीकमगढ़
tikamgarh,टीकमगढ़,तीकमगढ़
teekon,टीकों,टीकों
tikon,टीकों,तीकों
two,टु,ट्वो
tension,टेंशन,टेंशन
tenis,टेनिस,टेनिस
tennis,टेनिस,टेनिस
taste,टेस्ट,तस्ते
test,टेस्ट,टेस्ट
tasting,टेस्टिंग,टैस्टिंग
testing,टेस्टिंग,टैस्टिंग
tainin,टैनिन,तैनिन
tenin,टैनिन,तेनिन
tanish,टैनिस,तनीष
tennis,टैनिस,टेनिस
taboo,टैबू,टाबू
taiboo,टैबू,टैबू
taobao,टैबू,टाओबा
tonic,टॉनिक,टोनिक
tonga,टोंगा,टोंगा
toka,टोका,टोका
tuesday,ट्यूजडे,ट्यूस्डे
tuning,ट्यूनिंग,टनिंग
tuberculosis,ट्यूबरक्यूलोसिस,टबरकलोसिस
tuberkyulosis,ट्यूबरक्यूलोसिस,टबर्कीलोसिस
truck,ट्रक,ट्रक
trangistor,ट्रांजिस्टर,ट्रांजिस्टर
tranjister,ट्रांजिस्टर,ट्रांजिस्टर
transistor,ट्रांजिस्टर,ट्रांसिस्टर
transfer,ट्रान्सफर,ट्रांसफर
tribunal,ट्रिब्युनल,त्रिबुनल
tribunal,ट्रिब्यूनल,त्रिबुनल
trubyunal,ट्रिब्यूनल,ट्रब्यूनल
truth,ट्रुथ,त्रुथ
tuth,ट्रुथ,तूथ
traded,ट्रेडेड,ट्रेडेड
trabal,ट्रेबल,ट्रबल
trebal,ट्रेबल,ट्रेबल
trouble,ट्रेबल,ट्रबल
traip,ट्रैप,ट्रैप
trap,ट्रैप,ट्रेप
trot,ट्रॉट,ट्रोट
trott,ट्रॉट,ट्रॉट
thakkar,ठक्कर,ठक्कर
thakkr,ठक्कर,ठक्कर
thaharne,ठहरने,ठहरने
thahrane,ठहरने,ठहराने
theharne,ठहरने,ठहराने
thikane,ठिकाने,ठीकने
thumari,ठुमरी,थूमरी
thumri,ठुमरी,थूमरी
theinga,ठेंगा,ठेइंगा
thenga,ठेंगा,ठेंगा
thengaa,ठेंगा,ठेंगा
daglas,डगलस,दगलास
douglas,डगलस,दौगलास
dabhara,डभरा,दभरा
dabhra,डभरा,दभरा
dabhoi,डभोई,दभोई
dam,डम,डम
dum,डम,दूम
darate,डराते,डरते
daratey,डराते,दरते
daravani,डरावनी,दरावनी
darawani,डरावनी,दरावनी
dravani,डरावनी,द्रवणी
down,डाउन,डाउन
daak,डाक,दाक
dak,डाक,डक
daka,डाका,डका
dabi,डाबी,दबी
dabolim,डाबोलिम,डाबोलिम
dinosaur,डायनासोर,दिनोसौर
diaries,डायरीज,डायरिएस
dit,डिट,दित
depthiriya,डिप्थीरिया,देप्तिरिया
diphtheria,डिप्थीरिया,दिफ्तेरिया
de,डीई,दे
dealership,डीलरशिप,दीलरशिप
dvc,डीवीसी,डीवीसी
dubaana,डुबाना,दुबाना
dubana,डुबाना,दुबाना
dubona,डुबोना,डूबों
dulne,डुलने,डूलने
doonarpur,डूंगरपुर,दूनारपुर
doongarpur,डूंगरपुर,दूनगरपुर
dungarpur,डूंगरपुर,दुनगरपुर
dungerpur,डूंगरपुर,दुनगरपुर
dubana,डूबना,दुबाना
dubna,डूबना,दुबना
dangerous,डेंजरस,डांगरूज
daisy,डेजी,दैसी
dazy,डेजी,दज्य
deji,डेजी,देजी
deputy,डेप्युटी,डिप्टी
davidson,डेविडसन,द्वीदसों
devidson,डेविडसन,डेविडों
davey,डेवी,दवे
devi,डेवी,देवी
dewey,डेवी,देवी
destination,डेस्टिनेशन,डेज्टीनेशन
datson,डैटसन,दत्सों
datsun,डैटसन,दत्सून
daddy,डैडी,डाड्डी
dark,डॉर्क,डर्क
dork,डॉर्क,डोर्क
dose,डोज,डोस
domenic,डोमेनिक,डोमेनिक
doranda,डोरंडा,दोरंदा
dolane,डोलने,डोलने
dolne,डोलने,डोलने
dual,ड्युअल,दुआल
duak,ड्यूक,दुआक
duke,ड्यूक,डूके
drame,ड्रामे,ड्रेम
dramen,ड्रामे,ड्रैमें
drager,ड्रेजर,ड्रैजर
dredger,ड्रेजर,ड्रेजर
dreijer,ड्रेजर,ड्रीजर
dhakaal,ढकाल,ढकाल
dhakal,ढकाल,ढकाल
dhakkal,ढकाल,ढक्कल
dhkal,ढकाल,ढकाल
dhale,ढले,ढले
dhoondh,ढूंढ,धूंध
dhundh,ढूंढ,धुंध
dhoondhata,ढूंढता,ढूढ़ता
dhundhata,ढूंढता,ढूंढता
dhundhta,ढूंढता,धुंधता
dhoondhi,ढूंढी,धूंधी
dhundhi,ढूंढी,धुंधी
tanjavur,तंजावुर,तंजावूर
thanjavur,तंजावुर,तंजावूर
tantr,तंत्र,तंत्र
tantra,तंत्र,टांट्रा
tantrikao,तंत्रिकाओं,तंत्रिकाओं
tantrikaon,तंत्रिकाओं,तंत्रिकाओं
tantro,तंत्रों,टंटरों
tantron,तंत्रों,तंतरों
tagade,तगड़े,तगड़े
tagde,तगड़े,तगड़े
tadipaar,तड़ीपार,तादीपार
tadipar,तड़ीपार,तादीपार
tani,तनी,तनी
tapan,तपन,टापन
tarafa,तरफा,तराफा
tarfa,तरफा,तर्फा
tarabganj,तरबगंज,तरबगंज
taras,तरस,तारस
taraash,तराश,तराश
tarash,तराश,तारस
tarashay,तराशे,तरसाय
tarashe,तराशे,तारसे
tareeko,तरीको,तरीकों
tariko,तरीको,तरीको
tark,तर्क,तर्क
tarkvaad,तर्कवाद,तर्कवाद
tarkvad,तर्कवाद,तर्कवाद
tarkwaad,तर्कवाद,तर्कवाद
tarko,तर्कों,टार्को
tarkon,तर्कों,तरकों
talabgaar,तलबगार,तलबगार
talabgar,तलबगार,तलबगर
talbagaar,तलबगार,तलबागार
talbagar,तलबगार,तलबागर
talawe,तलवे,तलावे
talve,तलवे,तलवे
talawon,तलवों,तलावों
talvon,तलवों,तलवों
tahakhana,तहखाना,तहकहना
tahkhaana,तहखाना,तहकहाना
tahkhana,तहखाना,तहकहाना
taantaa,तांता,तांता
tanta,तांता,तांता
tambe,तांबे,तांबे
tanbe,तांबे,तांबे
taaja,ताजा,ताजा
taajaa,ताजा,ताजा
taaza,ताजा,ताजा
taja,ताजा,ताजा
taza,ताजा,ताजा
tansen,तानसेन,तांसें
taapmaanon,तापमानों,तापमानों
tapmano,तापमानों,तपमानों
tapmanon,तापमानों,तपमानों
taapti,ताप्ती,तापती
tapti,ताप्ती,तप्ती
tarabai,ताराबाई,तरबाई
taseer,तासीर,तसीर
tasir,तासीर,तसीर
taahi,ताहि,ताही
tahi,ताहि,ताही
tikone,तिकोने,टीकोन
tirupati,तिरूपति,तिरुपति
tiwari,तिवारी,तिवाड़ी
ti,ती,ती
teer,तीर,तीर
tir,तीर,तीर
teeron,तीरों,तीरों
tiron,तीरों,तीरों
tirthatan,तीर्थाटन,तीर्थतन
tungnath,तुंगनाथ,तुंगनाथ
tughlaq,तुगलक,तुगलाक
tuglak,तुगलक,तुगलक
tughlakabad,तुगलकाबाद,तुगलकबद
tughlaqabad,तुगलकाबाद,तुगलाकाबाद
tuglakabad,तुगलकाबाद,तुग्लाकाबाद
tugalaki,तुगलकी,तुगलकी
tugalki,तुगलकी,तुगलकी
tuglaki,तुगलकी,तुगलकी
tufail,तुफैल,तुफैल
tejaji,तेजाजी,तेजाजी
teji,तेजी,तेजी
tel,तेल,टेल
telon,तेलों,टेलों
to,तो,टो
toh,तो,तोह
taul,तौल,ताउल
tyohaar,त्यौहार,त्योहार
tyohar,त्यौहार,त्योहार
tyoihar,त्यौहार,त्योहाईहार
tyauharon,त्यौहारों,त्याहारों
tyoharon,त्यौहारों,त्योहारों
tyoiharon,त्यौहारों,त्योइहारों
trijata,त्रिजटा,त्रिजाता
trijta,त्रिजटा,त्रिजता
triya,त्रिया,त्रिय
tremasik,त्रैमासिक,त्रेमासिक
trimasik,त्रैमासिक,त्रिमासिक
tse,त्से,तसी
thaki,थकी,थाकी
thki,थकी,थकी
tharti,थर्टी,थर्ती
thirty,थर्टी,थर्टी
thane,थाणे,थाने
thaanvi,थानवी,थानवी
thanvi,थानवी,थांवी
theateron,थिएटरों,थीटरों
theatron,थिएटरों,थेतरों
theaters,थिएटर्स,थीटर्स
theater,थियेटर,थीटर
theatre,थियेटर,थीतरे
theateron,थियेटरों,थीटरों
theatron,थियेटरों,थेतरों
thitron,थियेटरों,थितरों
theaters,थियेटर्स,थीटर्स
theatrs,थियेटर्स,थीटर्स
thiyeters,थियेटर्स,थियटर्स
thirake,थिरके,ठिरके
thirke,थिरके,थर्के
thief,थीफ,ठीफ
then,थेन,थेन
theni,थेनी,थेनी
thailee,थैली,ठैली
thaili,थैली,थैली
thaile,थैले,थैले
dang,दंग,डांग
danga,दंगा,दांगा
dangon,दंगों,डांगों
dampati,दंपति,दंपति
danpati,दंपति,दानपति
dampatiyon,दंपतियों,दंपतियों
dampattiyon,दंपतियों,दंपत्तियों
danptiyon,दंपतियों,दंपतियों
dadreva,ददरेवा,दद्रेवा
dadrewa,ददरेवा,दद्रेवा
damoh,दमोह,दमोह
dardara,दरदरा,दरदारा
dardraa,दरदरा,दरदरा
durdhara,दरदरा,दुर्धारा
darmiyaan,दरमियान,डरमियां
darmiyan,दरमियान,डर्मियां
darjano,दर्जनों,दरजानों
darjanon,दर्जनों,दरजानों
darp,दर्प,डर्प
darra,दर्रा,डरा
dalbadal,दलबदल,दलबदल
dalbadl,दलबदल,डालबाडल
dali,दली,दली
dastaanaa,दस्ताना,दस्ताना
dastana,दस्ताना,दस्ताना
dastavej,दस्तावेज,दस्तावेज़
dahan,दहन,दहां
dahal,दहल,दहल
da,दा,डीए
daakhil,दाखिल,दाख़िल
dakhil,दाखिल,दख़िल
daakhile,दाखिले,दाख़िले
dakhile,दाखिले,दख़िले
daataa,दाता,दाता
data,दाता,दता
dadari,दादरी,दादरी
daanshil,दानशील,दांशील
danshil,दानशील,दंशील
daabholkar,दाभोलकर,दाभोलकर
dabholkar,दाभोलकर,दाभोलकर
damale,दामले,दमले
damle,दामले,डामले
dayitv,दायित्व,दयित्व
dayitva,दायित्व,दयित्व
dayitwa,दायित्व,दायित्व
dayitvon,दायित्वों,दयितवों
dayityon,दायित्वों,दयित्यों
darul,दारूल,दरुल
daav,दाव,दाव
daaw,दाव,दाव
dav,दाव,डीएवी
daw,दाव,डॉ
daah,दाह,दाह
dah,दाह,दाह
dikhla,दिखला,दिखला
dikhlaa,दिखला,दिखला
dikhaaiye,दिखाइये,दिखाइए
dikhaiye,दिखाइये,दिखाइए
dikhaai,दिखाई,दिखाई
dikhai,दिखाई,दिखाई
dikhayi,दिखाई,दिखाई
dikhaaee,दिखाईं,दिखाई
dikhaai,दिखाईं,दिखाई
dikhaain,दिखाईं,दिखाइन
dikhaee,दिखाईं,दिखाई
dikhai,दिखाईं,दिखाई
dikhayin,दिखाईं,दिखाइन
dikhai,दिखायी,दिखाई
dikhayi,दिखायी,दिखाई
dikhaai,दिखार्इ,दिखाई
dikhae,दिखार्इ,दिखाए
dikhai,दिखार्इ,दिखाई
dikhayi,दिखार्इ,दिखाई
dita,दिता,दीता
ditaa,दिता,दिता
dinaank,दिनांक,दीनांक
dinank,दिनांक,दिनांक
dirham,दिरहम,दीरहम
dilaaye,दिलाये,दिलाए
dilaye,दिलाये,दिलाए
deewani,दिवानी,दीवानी
diwani,दिवानी,दीवानी
divy,दिव्य,दिवी
divya,दिव्य,दिव्य
divyata,दिव्यता,दिव्यता
divya,दिव्या,दिव्य
deepan,दीपन,दीपन
deepn,दीपन,दीपन
dipan,दीपन,दीपान
deepsingh,दीपसिंह,दीपसिंह
dipsingh,दीपसिंह,दीपसिंह
deepika,दीपिका,दीपिका
dipika,दीपिका,दिपिका
deeya,दीया,दीय
diya,दीया,दिया
dukaanon,दुकानों,दुकानों
dukanon,दुकानों,दुकानों
dukke,दुक्के,डुक्के
dukhan,दुखन,दुखान
dukhit,दुखित,दुखित
dukhiyon,दुखियों,दुखियों
dukhon,दुखों,दुखों
dubhashiyon,दुभाषियों,दुभाषियों
durgun,दुर्गुण,दुर्गुण
durghatna,दुर्घटना,दुर्घटना
durghtna,दुर्घटना,दुर्घटना
duneerti,दुर्नीति,दुनीरती
durniti,दुर्नीति,दूर्णिति
durbhiksh,दुर्भिक्ष,दूर्भीक्ष
duvidhaaen,दुविधाएं,दुविधाएं
duvidhaayein,दुविधाएं,दुविधाएं
duvidhaen,दुविधाएं,दुविधाएं
duwaidhaayein,दुविधाएं,दुवैधाएं
dune,दूने,डूने
doordarshan,दूरदर्शन,दूरदर्शान
durdarshan,दूरदर्शन,दूरदर्शान
dradh,दृढ़,दृद्ध
dridh,दृढ़,दृद्ध
dekhoge,देखोगे,देखोगे
denevaali,देनेवाली,देनेवाली
denevali,देनेवाली,देनेवाली
denewaali,देनेवाली,देनेवाली
denewali,देनेवाली,देनेवाली
deonar,देवनार,डेयोनर
devnaar,देवनार,देवनार
devnar,देवनार,देवनार
devaapur,देवापुर,देवापुर
devapur,देवापुर,देवापुर
devi,देवी,देवी
devisingh,देवीसिंह,डेविसिंह
devisinh,देवीसिंह,देविसिंह
deshkaal,देशकाल,देशकाल
deshkal,देशकाल,देशकाल
deshke,देशके,देशके
desai,देसाई,देसी
doge,दोगे,डोज
dvadash,द्वादश,द्वादश
dwaadas,द्वादश,द्वादस
dvivedi,द्विवेदी,द्वीवीदी
dwivedi,द्विवेदी,द्वीवेदी
dhande,धंधे,ढांडे
dhandhe,धंधे,ढांढे
dhndhe,धंधे,ढूंढे
dhandhon,धंधों,ढांढों
dhandon,धंधों,ढंडों
dhakelte,धकेलते,ढकेलते
dhkelate,धकेलते,धकेलते
dhatana,धटना,ढतना
dhatna,धटना,ढातना
dhankuber,धनकुबेर,धंकूबर
dhanadhany,धनधान्य,धनधान्य
dhandhaanya,धनधान्य,धनधान्य
dhandhany,धनधान्य,धनधन्य
dhandhanya,धनधान्य,धनधन्य
dhamkaataa,धमकाता,धमकाता
dhamkata,धमकाता,धमकता
dhamm,धम्म,धम्म
dhamma,धम्मा,धम्मा
dhammaa,धम्मा,धम्मा
dharmnath,धर्मनाथ,धर्मनाथ
dharmraj,धर्मराज,धर्मराज
dharmesh,धर्मेश,धर्मेश
dhasmaanaa,धस्माना,धस्माना
dhasmana,धस्माना,धस्मन
dhaak,धाक,ढाक
dhak,धाक,ढक
dhaaga,धागा,धागा
dhaagaa,धागा,धागा
dhaga,धागा,ढागा
dhaatuein,धातुएं,धातुएं
dhaatuyein,धातुएं,धातुएं
dhtuen,धातुएं,धतूएं
dhaarak,धारक,धारक
dharak,धारक,धरक
dhaari,धारी,धारी
dhari,धारी,धारी
dhuan,धुआं,धुआन
dhunaai,धुनाई,धुनाई
dhunai,धुनाई,धुनाई
dhuriya,धुरिया,धुरिया
dhuriyaa,धुरिया,धुरिया
dhuni,धूनी,धुनी
dhairyavaan,धैर्यवान,धैर्यवान
dhairyawan,धैर्यवान,धैर्यवान
dhiryavan,धैर्यवान,धीर्यवान
dhiryawaan,धैर्यवान,धीर्यवान
dhokebaaj,धोखेबाज,धोकेबाज
dhokebaaz,धोखेबाज,धोकेबाज
dhokebaj,धोखेबाज,धोकेबाज
dhokebaz,धोखेबाज,धोकेबाज
dhokhebaaj,धोखेबाज,धोखेबाज
dhokhebaj,धोखेबाज,धोखेबाज
dhona,धोना,ढोना
dhonaa,धोना,ढोना
dhoraaji,धोराजी,धोराजी
dhoraji,धोराजी,धोरजी
dhoron,धोरों,धोरों
dhyeyavaadi,ध्येयवादी,ध्येवादी
dhyeywadi,ध्येयवादी,ध्यायवादी
dyeyvadi,ध्येयवादी,द्यायवादी
dhrupad,ध्रुपद,धरुपद
drupad,ध्रुपद,द्रुपद
nandanvan,नंदनवन,नंदनवान
nadsa,नक्सल,नाडसा
naksal,नक्सल,नकसल
naxal,नक्सल,नक्सल
naksalavaad,नक्सलवाद,नकसलवाद
naksalwaad,नक्सलवाद,नकसलवाद
naksalwad,नक्सलवाद,नकसलवाद
naxalvaaad,नक्सलवाद,नक्सलवाद
naxalwaad,नक्सलवाद,नकसलवाद
naksaliyon,नक्सलियों,नकसलियों
naxaliyon,नक्सलियों,नकसलियों
naksali,नक्सली,नकसली
naxali,नक्सली,नकसली
nagaada,नगाड़ा,नगाड़ा
nagaadaa,नगाड़ा,नगाड़ा
nagaaraa,नगाड़ा,नगारा
nageene,नगीने,नगीने
nagine,नगीने,नागिने
najarandaaj,नजरंदाज,नजरअंदाज
najarandaaz,नजरंदाज,नजरअंदाज
nazarandaaj,नजरंदाज,नजरअंदाज
nazarandaaz,नजरंदाज,नज़रंदाज़
nazarandaz,नजरंदाज,नज़रंदाज़
najraane,नजराने,नज़राने
nazraane,नजराने,नज़राने
najariyon,नजरियों,नजरियों
najriyon,नजरियों,नजरियों
najron,नजरों,नजरों
najeeb,नजीब,नजीब
najib,नजीब,नजीब
najibabaad,नजीबाबाद,नजीबाबाद
najibabad,नजीबाबाद,नजीबाबाद
najeem,नजीम,नजीम
najim,नजीम,नजीम
nazeem,नजीम,नजीम
nana,नना,नाना
nanaa,नना,नना
nna,नना,ना
nanhe,नन्हें,नन्हे
nanhein,नन्हें,नन्हें
nabj,नब्ज़,नब्ज
nabja,नब्ज़,नब्जा
nabz,नब्ज़,नब्ज
namkeen,नमकीन,नमकीन
namkin,नमकीन,नमकीन
narnaari,नरनारी,नरनारी
narnari,नरनारी,नारनारी
narbhakshi,नरभक्षी,नर्भक्षी
naram,नरम,नारम
narm,नरम,नर्म
narmi,नरमी,नर्मी
narsanhar,नरसंहार,नरसंहर
narsanharon,नरसंहारों,नरसानहरों
november,नवंबर,नवेंबर
navketan,नवकेतन,नवकेतन
navjaagaran,नवजागरण,नवजागरण
navjagran,नवजागरण,नवजगरण
navdha,नवधा,नवधा
navvadhoo,नववधू,नववाधो
navvadhu,नववधू,नववाधु
nava,नवा,नवा
navaa,नवा,नवा
navate,नवाते,नावते
navanagar,नवानगर,नवानगर
nawanagar,नवानगर,नवानगर
navya,नव्या,नव्य
naseem,नसीम,नसीम
nasim,नसीम,नसीम
nights,नाइट्रस,नाइट्स
nitrous,नाइट्रस,नाइट्राउस
nineteez,नाइनटीज,निनेतीज
nineties,नाइनटीज,निनेटीज
ninties,नाइनटीज,निंटीज
nau,नाऊ,नौ
nauu,नाऊ,नौ
naakaam,नाकाम,नाकाम
nakam,नाकाम,नकम
naagrik,नागारिक,नागरिक
nagarik,नागारिक,नागरिक
nagrik,नागारिक,नागरिक
nagin,नागिन,नागीन
nadep,नाडेप,नादेप
nanak,नानक,नानक
nanavati,नानावती,नानावटी
napane,नापने,नपने
napne,नापने,नापने
napa,नापा,नापा
naam,नाम,नाम
naamdhari,नामधारी,नामधारी
namdhari,नामधारी,नामधारी
namankano,नामांकनों,नमानकनों
namankanon,नामांकनों,नमानकनों
namavaliyon,नामावलियों,नमावलियों
naamo,नामो,नामो
namo,नामो,नमो
nayak,नायक,नायक
naraji,नाराजी,नाराजी
naraingarh,नारायणगढ़,नारैंगढ़
narayangadh,नारायणगढ़,नारायनगढ़
narayangarh,नारायणगढ़,नारायणगढ़
naasar,नासर,नासर
nahargadh,नाहरगढ,नहरगढ़
nahargarh,नाहरगढ,नहरगढ़
nikalegi,निकलेगी,निकलेगी
nikalogi,निकलेगी,निकलोगी
nikaalani,निकालनी,निकालनी
nikaalni,निकालनी,निकालनी
nikalani,निकालनी,निकलनी
nikalni,निकालनी,निकलनी
nicki,निकी,नीक्की
nicky,निकी,निकी
niki,निकी,नीकी
niketan,निकेतन,निकेतन
nikhar,निखर,निखर
nikhari,निखरी,निखरी
nigar,निगर,निगर
nigger,निगर,नाइजर
nichala,निचला,निचला
nichalaa,निचला,निचला
nichla,निचला,निच्ला
nitiyon,नितियों,नीतियों
nitya,नित्या,नित्य
nityaa,नित्या,नित्या
nidhaan,निधान,निधान
nidhan,निधान,निधान
nipatara,निपटारा,निपटारा
niptaara,निपटारा,निपटारा
niptaaraa,निपटारा,निपटारा
niptara,निपटारा,निपटारा
niyanta,नियंता,नियांता
niyantaa,नियंता,नियांता
niya,निया,निया
niyaa,निया,निया
nirdeshika,निर्देशिका,निर्देशिका
nirdeshikaa,निर्देशिका,निर्देशिका
nirdhaarit,निर्धारित,निर्धारित
nirdharit,निर्धारित,निर्धारित
nirbaadh,निर्बाध,निर्बाध
nirbadh,निर्बाध,निर्बाध
niveshakartaa,निवेशकर्ता,निवेशकर्ता
niveshkarta,निवेशकर्ता,निवेषकर्ता
niveshkartaa,निवेशकर्ता,निवेषकर्ता
nischal,निश्चल,निश्चल
nishchal,निश्चल,निश्चल
nishnaat,निष्णात,निश्नात
nishpaap,निष्पाप,निष्पाप
nihalaani,निहलानी,निहालानी
nihlaani,निहलानी,निहलानी
nihlani,निहलानी,निहलानी
nihaalchand,निहालचंद,निहालचंद
nihalchand,निहालचंद,निहालचंद
neechaaee,नीचाई,नीचाई
nichaai,नीचाई,निचाई
neat,नीट,नीत
neet,नीट,नीत
neetiyon,नीतियों,नीतियों
nitiyon,नीतियों,नीतियों
neelagaay,नीलगाय,निलगाय
nilgai,नीलगाय,निलगाई
neelaabh,नीलाभ,नीलाभ
nilaabh,नीलाभ,निलाभ
nilabh,नीलाभ,निलभ
nuskhe,नुस्खे,नुस्खे
noon,नून,नून
nun,नून,नन
noobiyaa,नूबिया,नूबिया
nubiya,नूबिया,नुबिया
nrityashaili,नृत्यशैली,नृत्यशैली
nrutyashaili,नृत्यशैली,नृत्यशैली
nrityon,नृत्यों,नृत्यों
nrutyon,नृत्यों,नृत्यों
neco,नेको,नीको
neko,नेको,नेको
nectar,नेक्टर,नेक्टर
neg,नेग,नेग
nega,नेग,नेगा
networking,नेटवर्किग,नेटवर्किंग
neto,नेटो,नेतो
neta,नेता,नेता
nemo,नेमो,नीमो
nelsan,नेल्सन,नेल्सन
nelson,नेल्सन,नेल्सन
nations,नेशंस,नाशंस
nehara,नेहरा,नेहरा
nehra,नेहरा,नेहरा
naino,नैनो,नैनो
nano,नैनो,नानो
naivedh,नैवेद्य,नैवेध
naivegh,नैवेद्य,नैवेघ
nevedya,नैवेद्य,नेविड्या
nominate,नॉमिनेट,नोमिनेट
naukari,नोकरी,नौकरी
naukri,नोकरी,नौकरी
nokari,नोकरी,नोकरी
nokri,नोकरी,नोकरी
notes,नोट्स,नोट्स
nora,नोरा,नोरा
nori,नोरी,नोरी
nauner,नौनेर,नौनेर
nauvahan,नौवहन,नौवाहन
naushad,नौशाद,नौशद
panchaang,पंचांग,पंचांग
panchang,पंचांग,पंचांग
punchang,पंचांग,पंचांग
punjab,पंजाब,पंजबाब
punjabiyon,पंजाबियों,पुंजबियों
pantar,पंटर,पंतर
panter,पंटर,पंटर
punter,पंटर,पंटर
pakaayein,पकाएं,पकाएं
pakaayen,पकाएं,पकाएं
pakaen,पकाएं,पकाएं
pakayen,पकाएं,पकाएं
pakaude,पकौड़े,पकाउड़े
pakshapat,पक्षपात,पश्चपत
pakshpaat,पक्षपात,पश्पात
pakshpat,पक्षपात,पश्चपत
pagabadha,पगबाधा,पागबाढ़ा
pagbadha,पगबाधा,पागबाढ़ा
pagalaa,पगला,पगला
pagla,पगला,पागला
pachaataa,पचाता,पचाता
pachata,पचाता,पचाता
patakkar,पटककर,पतक्कार
patkathaayein,पटकथाएं,पटकथाएं
patkathaein,पटकथाएं,पटकथाएं
patkathayen,पटकथाएं,पटकथाएं
patki,पटकी,पटकी
pataraani,पटरानी,पतरानी
patrani,पटरानी,पत्राणी
patavaari,पटवारी,पतवारी
patwari,पटवारी,पतवारी
pataakshep,पटाक्षेप,पटाक्षेप
patachep,पटाक्षेप,पटेक
patakshep,पटाक्षेप,पटक्षेप
patiya,पटिया,पटिया
patiyaa,पटिया,पटिया
padaraunaa,पडरौना,पदारौणा
padrauna,पडरौना,पद्रौण
padega,पड़ेगा,पडेगा
padegaa,पड़ेगा,पडेगा
padha,पढ़ा,पढ़ा
padhaa,पढ़ा,पढ़ा
padhaataa,पढ़ाता,पढ़ाता
padhata,पढ़ाता,पढ़ता
patili,पतीली,पतिली
padamawati,पदमावती,पदमावती
padmavati,पदमावती,पदमावती
padmawati,पदमावती,पदमावती
padadhikari,पदाधिकारी,पदाधीकारी
panapnaa,पनपना,पनपना
panpana,पनपना,पांपना
panaamaa,पनामा,पनामा
panama,पनामा,पनमा
paneer,पनीर,पनीर
pammi,पम्मी,पाम्मी
pammu,पम्मी,पाम्मू
pummi,पम्मी,पुम्मी
pummy,पम्मी,पुम्मी
pardesiyon,परदेसियों,पर्डेशियों
pardesi,परदेसी,परदेसी
parva,परवा,परवा
parvaa,परवा,परवा
parwa,परवा,परवा
parwaa,परवा,परवा
paraadheen,पराधीन,पराधीन
paraadhin,पराधीन,पराधीन
paradheen,पराधीन,पराधीन
paradhin,पराधीन,पराधीन
parikalpit,परिकल्पित,परिकल्पित
parimal,परिमल,परीमल
parishad,परिषद,परिशाद
parishadiy,परिषदीय,परिशादीय
parishadiya,परिषदीय,परिश्यदीय
parishadon,परिषदों,परिशादों
parikhaen,परीक्षाएं,परीक्षाएं
parikshaayein,परीक्षाएं,परिक्षाएं
parikshaen,परीक्षाएं,परीक्षाएं
parosane,परोसने,परोसने
parosne,परोसने,परोसने
parda,पर्दा,परदा
pardaa,पर्दा,परदा
purple,पर्पल,पर्पल
palatne,पलटने,पलतने
paltane,पलटने,पलतने
palaari,पलारी,पलारी
palari,पलारी,पलारी
pale,पले,पले
palmonari,पल्मोनरी,पलमोनरी
pulmonary,पल्मोनरी,पुलमोनरी
plus,पल्स,प्लस
pulse,पल्स,पुलसे
pashtun,पश्तून,पश्तुन
pashtuun,पश्तून,पश्तून
pahan,पहन,पहन
pehan,पहन,पहन
pahantaa,पहनता,पहनता
pahnata,पहनता,पहनता
pehnate,पहनता,पहनाते
pahanate,पहनते,पहनते
pahante,पहनते,पहांते
pehnate,पहनते,पहनाते
pahnaakar,पहनाकर,पहनाकर
pahnakar,पहनाकर,पहनाकर
pehnakar,पहनाकर,पहनाकर
pahnaati,पहनाती,पहनाती
pahnati,पहनाती,पहनती
pehnati,पहनाती,पहनती
pahani,पहनी,पहनी
pahni,पहनी,पहनी
pehni,पहनी,पहनी
pahno,पहनो,पहनों
pehno,पहनो,पहनो
pahla,पहला,पहला
pahlaa,पहला,पहला
pehla,पहला,पहला
paheliyaan,पहेलियां,पहेलियां
paheliyan,पहेलियां,पहेलियां
paheliyon,पहेलियों,पहेलियों
pide,पाइड,पाइड
pied,पाइड,पीड
pythagoras,पाइथागोरस,प्याथागोरास
pythogaras,पाइथागोरस,प्यादोगारस
paakhandi,पाखंडी,पाखंडी
pakhandi,पाखंडी,पाखंडी
paathshaalaayein,पाठशालाएं,पाठशालाएं
pathshalayein,पाठशालाएं,पठशालाएं
pathshalayen,पाठशालाएं,पाठशालाएं
paathyakram,पाठ्यक्रम,पाठ्यकर्म
pathyakram,पाठ्यक्रम,पाठयक्रम
pathykram,पाठ्यक्रम,पाठयक्रम
paathyakramon,पाठ्यक्रमों,पाठ्यकर्मों
pathyakramon,पाठ्यक्रमों,पाठ्यकरामों
pathykramon,पाठ्यक्रमों,पाठ्यकरामों
population,पापुलेशन,पुपुलेशन
pailot,पायलट,पैलोट
pilot,पायलट,पिलोट
pailoton,पायलटों,पैलोटों
piloton,पायलटों,पिलोटों
paarampariktaa,पारंपरिकता,पारंपरिकता
paramparikata,पारंपरिकता,परंपरिकता
paramparikta,पारंपरिकता,परामपरिकता
parnel,पार्नेल,पर्नल
parnell,पार्नेल,पैर्नल
parleron,पार्लरों,पार्लरों
parloron,पार्लरों,परलोरों
parlouron,पार्लरों,परलोरों
paarshad,पार्षद,पार्शद
parshad,पार्षद,परशद
paarshadon,पार्षदों,पार्शदों
parshadon,पार्षदों,परशादों
parshdon,पार्षदों,पर्षदों
policy,पालिसी,पॉलिसी
pinta,पिंटा,पिंटा
pintaa,पिंटा,पिंता
piega,पिएगा,पीएगा
piyegaa,पिएगा,पियेगा
pic,पिक,पिक
pick,पिक,पिक
pik,पिक,पिक
piki,पिकी,पिकी
piky,पिकी,पिकी
picture,पिक्चर,पिक्चर
pigmentation,पिगमेंटेशन,पाइग्मेंशेशन
pigs,पिग्स,पाइज
pichde,पिछड़े,पिछडे
pichhade,पिछड़े,पिछड़े
pijja,पिज्जा,पिज्जा
pizza,पिज्जा,पिज़ा
pitaamaha,पितामह,पीतामह
pitamah,पितामह,पीतमह
pipra,पिपरा,पीप्र
pipraa,पिपरा,पिपरा
pipli,पिपली,पिपली
pearson,पियरसन,पैर्सन
pierson,पियरसन,पाइरसन
peary,पियरी,पीरी
piyari,पियरी,पियारी
pisaai,पिसाई,पिसाई
pisai,पिसाई,पिसई
pihaani,पिहानी,पिहानी
pihani,पिहानी,पिहानी
pib,पीआईबी,पिब
pr,पीआर,पीआर
pml,पीएमएल,पीएमएल
pmo,पीएमओ,पीएमो
pmch,पीएमसीएच,पीएमची
psv,पीएसवी,पीएसवी
peaking,पीकिंग,पीकिंग
picking,पीकिंग,पिकनाइंग
peetne,पीटने,पीतने
pitne,पीटने,पितने
pedia,पीडिया,पेडिया
pidiya,पीडिया,पीडिया
pidiyaa,पीडिया,पिडिया
peelepan,पीलेपन,पीलीपन
pilepan,पीलेपन,पीलेपन
pv,पीवी,पीवी
pisa,पीसा,पिसा
putla,पुतला,पुतला
putlaa,पुतला,पुतला
putaliyaan,पुतलियां,पुटलियां
putliyan,पुतलियां,पुटलियां
putaliyon,पुतलियों,पुटलियों
putliyon,पुतलियों,पुटलियों
putali,पुतली,पुतली
putli,पुतली,पुतली
putale,पुतले,पुतले
putle,पुतले,पुटले
putin,पुतिन,पुटीन
putul,पुतुल,पुटुल
punargathan,पुनर्गठन,पुनर्गाठन
puna,पुना,पुना
puraane,पुराने,पुराने
purane,पुराने,पुराने
puru,पुरू,पुरु
purjon,पुर्जों,पुरजों
purzon,पुर्जों,पुरजों
pulam,पुलम,पुलम
pushkin,पुश्किन,पुश्कीन
pushkarana,पुष्करणा,पुष्करण
pushkarna,पुष्करणा,पुष्करण
pushkarnaa,पुष्करणा,पुष्करणा
pushp,पुष्प,पुष्प
pushpa,पुष्प,पुष्प
pushpa,पुष्पा,पुष्प
pushpaa,पुष्पा,पुष्पा
pushpit,पुष्पित,पुष्पित
pushpon,पुष्पों,पुष्पों
poonjikaran,पूंजीकरण,पूंजीकरण
punjikaran,पूंजीकरण,पुंजीकरण
poojaapaath,पूजापाठ,पूजापाथ
poojapath,पूजापाठ,पूजापत
pujapath,पूजापाठ,पुजापाठ
pooranpur,पूरनपुर,पुरानपुर
puranpur,पूरनपुर,पुरानपुर
purvaabhaas,पूर्वाभास,पूर्वाभास
purvaabhas,पूर्वाभास,पूर्वाभास
purvabhaas,पूर्वाभास,पूर्वाभास
purvabhas,पूर्वाभास,पूर्वाभास
pendulam,पेंडुलम,पेंडुलम
pendulum,पेंडुलम,पेंडुलम
peg,पेग,पेग
pages,पेजेज,पेज़्स
pajej,पेजेज,पजेज
pace,पेस,पैस
pes,पेस,पेस
pastry,पेस्ट्री,पैस्ट्री
pangolin,पैंगोलिन,पांगोलिन
pengolin,पैंगोलिन,पेंगोलिन
packard,पैकर्ड,पैकर्ड
package,पैकेज,पैकेज
packageon,पैकेजों,पैकेजों
packagon,पैकेजों,पैकागों
packajon,पैकेजों,पक्कजों
paim,पैम,पैम
pam,पैम,पाम
paratrooper,पैराट्रूपर,पारतरूपर
peratrupers,पैराट्रूपर,पैराटरूपर्स
paranormal,पैरानॉर्मल,परानोरमल
peranormal,पैरानॉर्मल,परानोरमल
paraffin,पैराफिन,पराफ्फिन
parafin,पैराफिन,पराफीन
perafin,पैराफिन,पेराफिन
parabola,पैराबोला,परबोला
perabola,पैराबोला,पेरबोला
polimer,पॉलिमर,पॉलिमर
polymer,पॉलिमर,पॉलिमर
polishing,पॉलिशिंग,पोलिशिंग
pokar,पोकर,पोकर
poker,पोकर,पोकर
polish,पोलिश,पोलिश
poshit,पोषित,पोषित
posta,पोस्ता,पोस्टा
pau,पौ,पाऊ
pyade,प्यादे,प्यादे
prakriya,प्रक्रिया,प्रक्रिया
prakshepak,प्रक्षेपक,प्रक्षेपक
pratigya,प्रतिज्ञा,प्रतिज्ञ
prtigyaa,प्रतिज्ञा,प्रतिज्ञा
pratibhutiyan,प्रतिभूतियां,प्रतिभूतियां
pratiyon,प्रतियों,प्रतियों
prativaad,प्रतिवाद,प्रतिवाद
prativad,प्रतिवाद,प्रतिवाद
prativadi,प्रतिवादी,प्रतिवादी
pratishat,प्रतिशत,प्रतिष्ट
praneet,प्रनीत,प्राणीत
pranit,प्रनीत,प्राणित
prapaat,प्रपात,प्रपाट
prapat,प्रपात,प्रपट
prapaaton,प्रपातों,प्रपातों
prapaton,प्रपातों,प्रपटों
prabodhini,प्रबोधिनी,प्रबोधिनी
prayaasrat,प्रयासरत,प्रयास्रत
prayasarat,प्रयासरत,प्रयसरत
pradarshan,प्रर्दशन,प्रदर्शन
prardashan,प्रर्दशन,प्ररदाशन
pravati,प्रवत्ति,प्रवती
pravatti,प्रवत्ति,प्रवत्ति
prashaasanik,प्रशासनिक,प्रशासनिक
prashasanik,प्रशासनिक,प्रशासनिक
prashasnik,प्रशासनिक,प्रशासनिक
prashaasanon,प्रशासनों,प्रशासनों
prashansanon,प्रशासनों,प्रशंसनों
prashasanon,प्रशासनों,प्रशसनों
prashikshu,प्रशिक्षु,प्रशिक्षु
prastaavon,प्रस्तावों,प्रस्तावों
prastavon,प्रस्तावों,प्रस्तावों
prahlaad,प्रहलाद,प्रहलाद
prahlad,प्रहलाद,प्रह्लाद
prahasan,प्रहसन,प्रहसन
prahsan,प्रहसन,प्राहसन
prahaarak,प्रहारक,प्रहारक
praharak,प्रहारक,प्राहारक
prahad,प्रह्लाद,प्राहड़
prahlad,प्रह्लाद,प्रह्लाद
privacy,प्राइवेसी,प्रिवेसी
praakkathan,प्राक्कथन,प्राक्कथान
prakkathan,प्राक्कथन,प्रक्काठन
praan,प्राण,प्राण
pran,प्राण,प्रण
pranon,प्राणों,प्रणों
prathamik,प्राथमिक,प्रात्मामिक
prathmik,प्राथमिक,प्रात्मिक
praathmikata,प्राथमिकता,प्रात्मिकता
prathmikta,प्राथमिकता,प्रात्मिकता
prathmiki,प्राथमिकी,प्रातमिकि
pradhyapakon,प्राध्यापकों,प्राध्यापकों
prapt,प्राप्त,प्रप्त
prapta,प्राप्त,प्रप्ता
prapti,प्राप्ती,प्रप्ति
praroop,प्रारूप,प्ररूप
prarup,प्रारूप,प्ररूप
priyamani,प्रियामणि,प्रियमानी
proof,प्रूफ,प्रूफ
pruf,प्रूफ,प्रफ
prekshakon,प्रेक्षकों,प्रेक्षकों
prem,प्रेम,प्रेम
premlata,प्रेमलता,प्रेमलता
prema,प्रेमा,प्रेमा
premi,प्रेमी,प्रेमी
profit,प्रॉफिट,प्रोफ़ित
processing,प्रॉसेसिंग,प्रोसेसिंग
programers,प्रोग्रामर्स,प्रोग्रामर्स
programmers,प्रोग्रामर्स,प्रोग्रामर्स
programs,प्रोग्रामर्स,प्रोग्रामस
proto,प्रोटो,प्रोतो
propellant,प्रोपेलेंट,प्रॉपेलेंट
propellent,प्रोपेलेंट,प्रोपेलेंट
praudh,प्रौढ,प्रौढ़
proud,प्रौढ,प्राउड
plan,प्लेन,प्लान
plane,प्लेन,प्लेन
fund,फंड,फंड
funda,फंडा,फूंदा
funding,फंडिंग,फंडिंग
fandon,फंदों,फंदों
fagua,फगुआ,फागुआ
fatane,फटने,फतने
phatane,फटने,फतने
phatne,फटने,फतने
fadfadata,फड़फड़ाता,फड़फड़ता
phadphadata,फड़फड़ाता,फड़फड़ता
fatehgadh,फतेहगढ़,फतेहगढ़
fatehgarh,फतेहगढ़,फतेहगढ़
fabti,फब्ती,फबती
phabti,फब्ती,फबती
farse,फरसे,फर्से
pharase,फरसे,फरसे
pharse,फरसे,फर्से
farheen,फरहीन,फरहीन
farhin,फरहीन,फरहीन
farth,फर्थ,फर्थ
ferth,फर्थ,फर्थ
pharth,फर्थ,फर्थ
farmion,फर्मिऑन,फर्मियन
fermion,फर्मिऑन,फर्मियन
firmian,फर्मिऑन,फर्मियां
farookhabad,फर्रुखाबाद,फरूखाबाद
farrukhabad,फर्रुखाबाद,फरुखबाद
farukhabad,फर्रुखाबाद,फरुखबाद
farookhnagar,फर्रूखनगर,फरूखनगर
farrukhnagar,फर्रूखनगर,फरुखनागार
farukhnagar,फर्रूखनगर,फरुखनागार
falata,फलता,फलता
falta,फलता,फलता
phalata,फलता,फलता
falne,फलने,फलने
phalne,फलने,फलने
falitarth,फलितार्थ,फलीतार्थ
phalitartha,फलितार्थ,फलीतर्थ
falibhoot,फलीभूत,फलीभूत
falibhut,फलीभूत,फलीभूत
phalibhoot,फलीभूत,फलीभूत
favvara,फव्वारा,फाववारा
fawaara,फव्वारा,फवारा
favvare,फव्वारे,फाववारे
fawaare,फव्वारे,फवारे
favvaron,फव्वारों,फववारों
fawaaron,फव्वारों,फवारों
faisala,फ़ैसला,फैसला
faisla,फ़ैसला,फैसला
follow,फ़ॉलो,फोलो
faansi,फांसी,फांसी
fansi,फांसी,फैंसी
fatama,फातमा,फतमा
fatma,फातमा,फटमा
faaf,फाफ,फाफ
phaaph,फाफ,फफ
farsi,फारसी,फर्सी
forcee,फारसी,फॉर्सी
farm,फार्म,फर्म
form,फार्म,फोर्म
farmic,फार्मिक,फर्मिक
formic,फार्मिक,फॉर्मिक
formulae,फार्मूले,फॉर्मूल
formule,फार्मूले,फॉर्मूल
formuley,फार्मूले,फॉर्मूली
pharmacy,फार्मेसी,फर्मेसी
pharma,फार्मों,फर्मों
pharmon,फार्मों,फरमों
farms,फार्म्स,फर्म्स
finger,फिंगर,फाइंगर
fikra,फिक्र,फिक्र
physician,फिजिशियन,फिजिकियन
firti,फिरती,फिर्ती
fisla,फिसला,फिस्ला
fislaa,फिसला,फिसला
feeder,फीडर,फीडर
fulaaye,फुलाए,फुलाए
fulae,फुलाए,फूलाए
fulay,फुलाए,फुलाय
furti,फूर्ति,फुर्ती
phurti,फूर्ति,फूर्ती
fus,फूस,फस
phoos,फूस,फूज
phus,फूस,फस
feka,फेका,फेका
fefada,फेफड़ा,फेफड़ा
fefda,फेफड़ा,फेफ्डा
facial,फेशियल,फैसिएल
fact,फैक्ट,फैक्ट
federal,फैडरल,फेडरल
failkar,फैलकर,फैलकर
failaaiye,फैलाइए,फैलाइए
failaea,फैलाइए,फैलाए
failaiya,फैलाइए,फैलाइया
failaiye,फैलाइए,फैलाइए
failegi,फैलेगी,फैलेजी
font,फॉन्ट,फोंट
fogat,फोगाट,फोगत
phogat,फोगाट,फोगत
fod,फोड़,फोड
phod,फोड़,फोड़
foda,फोड़ा,फोडा
fodaa,फोड़ा,फोड़ा
phoda,फोड़ा,फोडा
fode,फोड़े,फोड़
phode,फोड़े,फोड़े
fodo,फोड़ों,फोडो
fodon,फोड़ों,फोड़ों
phodo,फोड़ों,फोडो
fortis,फोर्टिस,फोर्टिस
fusion,फ्यूजन,फसियों
fuji,फ्यूजी,फूजी
fyuji,फ्यूजी,फ्यूजी
francisca,फ्रांसिस्का,फ्रेंसिस्का
franciska,फ्रांसिस्का,फ्रैंसिस्का
fransiska,फ्रांसिस्का,फ्रांसिस्का
francisco,फ्रांसिस्को,फ्रैंसिस्को
francisko,फ्रांसिस्को,फ्रैंसिसकों
fransisko,फ्रांसिस्को,फ्रांसिस्को
fringe,फ्रिंज,फ्राइज
friendship,फ्रेंडशिप,फ्रेंडशिप
frost,फ्रॉस्ट,फ्रोस्ट
flin,फ्लिन,फ्लाइन
flynn,फ्लिन,फिल्न
flesh,फ्लेश,फ्लेश
bang,बंग,बैंग
bung,बंग,बंग
bangbandhu,बंगबंधु,बंगबंधु
bangbhang,बंगभंग,बांगभानग
bangash,बंगश,बांगश
bangsh,बंगश,बांगश
bantane,बंटने,बंटाने
bantne,बंटने,बंटने
bandhati,बंधती,बांधती
bandhti,बंधती,बांधती
bandhan,बंधान,बंधन
bandhuon,बंधुओं,बंधुओं
bamba,बंबा,बांबा
mumba,बंबा,मुंबा
bakaayon,बकायों,बकायों
bakayon,बकायों,बकायों
bakaul,बकौल,बकाउल
bakoul,बकौल,बकोल
baksa,बक्सा,बकसा
baksi,बक्सी,बकसी
bakse,बक्से,बकसे
bakhshane,बख्शने,बख़शाने
bakhshne,बख्शने,बख्शने
bagad,बगड़,बगाद
bagd,बगड़,बागड़
bageechi,बगीची,बगीची
bagichi,बगीची,बगीची
bachat,बचत,बचात
bachati,बचती,बचाती
bachti,बचती,बच्ती
bajana,बजना,बजना
bajrangi,बजरंगी,बजरंगी
bajaj,बजाज,बजाज
batalvi,बटालवी,बतलवी
badhachadhakar,बढ़ाचढ़ाकर,बाधाचाधकर
badata,बढ़ाता,बडता
badhaataa,बढ़ाता,बढ़ाता
badhata,बढ़ाता,बढ़ता
badhaati,बढ़ाती,बढ़ाती
badhati,बढ़ाती,बढ़ती
badhayi,बढ़ायी,बाध्यी
badhav,बढ़ाव,बाधव
badhotari,बढ़ोतरी,बढ़ोतरी
badhotri,बढ़ोतरी,बढ़ोत्री
batlaae,बतलाए,बतलाएं
batlaaye,बतलाए,बतलाए
batlae,बतलाए,बतलाए
batlaye,बतलाए,बतलाए
batlaakar,बतलाकर,बतलाकर
batlakar,बतलाकर,बतलाकर
badlapur,बदलापुर,बदलापुर
badali,बदली,बदली
badli,बदली,बदली
badam,बदाम,बदम
banva,बनवा,बनवा
banvaa,बनवा,बनवा
banaam,बनाम,बनाम
banam,बनाम,बनाम
bnaam,बनाम,बनाम
baniya,बनिया,बनिया
banu,बनू,बनु
barpaayaa,बरपाया,बरपाया
barpaya,बरपाया,बरपया
barsa,बरसा,बरसा
barsaata,बरसाता,बरसाता
barsaataa,बरसाता,बरसाता
barsata,बरसाता,बरसता
barhad,बरहद,बरहद
baraat,बरात,बरात
barat,बरात,बारात
braat,बरात,ब्राट
baraamad,बरामद,बरामदा
baramad,बरामद,बरामद
bramad,बरामद,ब्रमाद
baramade,बरामदे,बरमदे
baramde,बरामदे,बरामदे
bare,बरे,बारे
birth,बर्थ,बिर्थ
baljeet,बलजीत,बलजीत
baljit,बलजीत,बलजीत
ballabh,बल्लभ,बल्लभ
balla,बल्ला,बल्ला
balli,बल्ली,बल्ली
basava,बसावा,बसवा
bastiyon,बस्तियों,बस्तियों
bahroopiya,बहरूपिया,बहरूपिया
bahrupiya,बहरूपिया,बहरुपिया
bahamaas,बहामास,बहमास
bahamas,बहामास,बहमास
bahaav,बहाव,बहाव
bahav,बहाव,बाहव
bhav,बहाव,भाव
bahavalpur,बहावलपुर,बहवालपुर
bahawalpur,बहावलपुर,बहवालपुर
bahuchara,बहुचरा,बहुचारा
banthia,बांठिया,बांथिया
banthiya,बांठिया,बंथीय
bandhate,बांधते,बंधते
bandhte,बांधते,बांधते
banbi,बांबी,बनबी
bombi,बांबी,बोंबी
bounceron,बाउंसरों,बाउंसरों
bowling,बाउलिंग,बोलिंग
baku,बाकू,बाकु
bakuu,बाकू,बाकु
baag,बाग,बाग
bag,बाग,बाग
bagh,बाग,बाघ
bagabani,बागबानी,बागबानी
bagbani,बागबानी,बागबानी
bagali,बागली,बगली
bagli,बागली,बगली
baagiyon,बागियों,बागियों
bagiyon,बागियों,बागियों
baago,बागो,बागो
bago,बागो,बागो
baji,बाज़ी,बाजी
bazi,बाज़ी,बाजी
bajaru,बाजारू,बाजारू
bazaru,बाजारू,बाजारू
bajuon,बाजुओं,बाजुओं
badh,बाध,बाध
badha,बाधा,बढ़ा
baadhaaon,बाधाओं,बाधाओं
baadhaon,बाधाओं,बाधाओं
badhaaon,बाधाओं,बाधाओं
badhaon,बाधाओं,बाधाओं
baadhit,बाधित,बाधित
badhit,बाधित,बढ़ित
baani,बानी,बानी
bani,बानी,बनी
baapa,बापा,बापा
baapaa,बापा,बापा
bapa,बापा,बापा
bapaa,बापा,बपा
baabat,बाबत,बाबत
babat,बाबत,बबात
babt,बाबत,बब्त
bayern,बायर्न,बेयरन
byrun,बायर्न,बायरन
barah,बारह,बराह
baarahamaasee,बारहमासी,बारहमासी
barahamasi,बारहमासी,बारहमसी
barahmasi,बारहमासी,बारहमसी
barahsinga,बारहसिंगा,बराहसिंगा
barasingha,बारहसिंगा,बरासिंह
bala,बाला,बला
baalti,बाल्टी,बालती
balti,बाल्टी,बलती
balty,बाल्टी,बाल्टी
baldvin,बाल्डविन,बालदवीन
baldwin,बाल्डविन,बाल्डवीन
bavaji,बावजी,बावजी
bavji,बावजी,बावजी
baawaraa,बावरा,बावरा
bavra,बावरा,बावरा
bawara,बावरा,बावरा
baahulya,बाहुल्य,बाहुल्य
bahuly,बाहुल्य,बहुल्य
bahulya,बाहुल्य,बहुल्य
box,बाॅक्स,बॉक्स
bikherati,बिखेरती,बिखेरती
bikherti,बिखेरती,बिखेरती
biggest,बिगेस्ट,बाइग्टेस्ट
bichhua,बिछुआ,बिछुआ
bichhuaa,बिछुआ,बिछुआ
biji,बिजी,बीजी
busy,बिजी,बसी
buzy,बिजी,बजी
bipin,बिपिन,बीपिन
bilae,बिलाई,बिलाए
bilai,बिलाई,बिलाई
billa,बिल्ला,बिल्ला
billaa,बिल्ला,बिल्ला
bilhaur,बिल्हौर,बिलहौर
bisva,बिस्वा,बिस्वा
biswa,बिस्वा,बिस्वा
bag,बीएजी,बाग
bikaner,बीकानेर,बिकानेर
bikaneri,बीकानेरी,बिकनेरी
bk,बीके,बीके
beejak,बीजक,बीजक
bijak,बीजक,बिजक
beef,बीफ,बीफ
beem,बीम,बीम
bim,बीम,बिम
beemon,बीमों,बीमों
bimon,बीमों,बाइमन
beerganj,बीरगंज,बीरगंज
birganj,बीरगंज,बिरगंज
beesavaan,बीसवां,बीसवान
bisavan,बीसवां,बिसवान
bisawan,बीसवां,बिसवान
beast,बीस्ट,बीस्ट
budvig,बुडविग,बुडविग
budwig,बुडविग,बुडविग
bull,बुल,बुल
bulaao,बुलाओ,बुलाओ
bulao,बुलाओ,बुलाओ
bule,बुले,बुले
bulletin,बुलेटिन,बुलेटिन
brijesh,बृजेश,ब्रिजेश
benvar,बेंवर,बेनवार
benwar,बेंवर,बेनवार
beaulad,बेऔलाद,बेलाउल्ड
bekaaboo,बेकाबू,बेकाबू
bekabu,बेकाबू,बेकबू
bechakar,बेचकर,बेचकर
bechkar,बेचकर,बेचकर
bechate,बेचते,बेचते
bechte,बेचते,बेचते
bediyan,बेड़ियां,बेडियां
bethanal,बेथनल,बेतहनाल
bethnal,बेथनल,बेतनाल
benis,बेनिस,बेनिस
belacha,बेलचा,बेलचा
belcha,बेलचा,बेलचा
belinda,बेलिंडा,बेलींदा
bevkufana,बेवकूफाना,बेवकूफाना
bewakoofaanaa,बेवकूफाना,बेवकूफाना
bewkufana,बेवकूफाना,बेवकूफाना
besahaaraa,बेसहारा,बेसहारा
besahara,बेसहारा,बेसहरा
basin,बेसिन,बसीन
besin,बेसिन,बेसिन
basil,बेसिल,बसील
besil,बेसिल,बेसिल
bandage,बैंडेज,बंदगे
bandej,बैंडेज,बंदेज
baithantey,बैठते,बैठंते
baithate,बैठते,बैठते
baitool,बैतूल,बैटूल
baitul,बैतूल,बैटल
betul,बैतूल,बेटुल
baini,बैनी,बैनी
beni,बैनी,बेनी
bairakpur,बैरकपुर,बैराकपुर
barrackpore,बैरकपुर,बारैकपोर
baila,बैला,बैला
bella,बैला,बेल्ला
ballistic,बैलिस्टिक,बालिस्टिक
bells,बैल्स,बेल्स
bostan,बॉस्टन,बोस्न
bosten,बॉस्टन,बोस्टन
boston,बॉस्टन,बोस्नों
bokaro,बोकारो,बोकरो
bodara,बोदरा,बोदरा
bodra,बोदरा,बोड़रा
bodraa,बोदरा,बोदरा
bona,बोना,बोना
borkar,बोरकर,बोरकर
borivali,बोरीवली,बोरीवाली
boriwali,बोरीवली,बोरीवाली
born,बोर्न,बॉर्न
bolane,बोलने,बोलने
boliae,बोलिए,बोलीये
boliy,बोलिए,बोलीय
boliye,बोलिए,बोलीय
bosaan,बोसान,बोसान
bosan,बोसान,बोसन
bauni,बौनी,बौनी
bouni,बौनी,बाउनी
byaawa,ब्यावर,बयावा
byavar,ब्यावर,ब्यावर
brajesh,ब्रजेश,ब्राजेश
brijesh,ब्रजेश,ब्रिजेश
brahmalin,ब्रह्मलीन,ब्राह्मलीन
brahmleen,ब्रह्मलीन,ब्राह्मलीन
brahmlin,ब्रह्मलीन,ब्राह्मलीन
bravo,ब्रावो,ब्रावो
brigatn,ब्रिगटन,ब्रिगटन
brighton,ब्रिगटन,बृघ्तों
brigton,ब्रिगटन,ब्रिगटन
brigadier,ब्रिगेडियर,ब्रिगाडियर
britain,ब्रिटेन,ब्रिटाइन
breed,ब्रीद,ब्रीड
brock,ब्रोक,ब्रॉक
brok,ब्रोक,ब्रॉक
broke,ब्रोक,ब्रोक
brocken,ब्रोकन,ब्रॉकेन
broken,ब्रोकन,ब्रोकेन
blosam,ब्लॉसम,ब्लोसम
blossom,ब्लॉसम,ब्लॉसम
bhagaane,भगाने,भगाने
bhagane,भगाने,भगाने
bhadakaaya,भड़काया,भड़काया
bhadakaya,भड़काया,भड़काया
bhadkaayaa,भड़काया,भड़काया
bhadkaya,भड़काया,भड़काया
bharakaaya,भड़काया,भरकाया
bharakaya,भड़काया,भड़काया
bhabhoot,भभूत,भभूत
bhabhut,भभूत,भभूत
bhay,भय,भय
bhaya,भय,भाया
bhayo,भयो,भायो
bharatanatyam,भरतनाट्यम्,भरतनात्यम
bharatnatyam,भरतनाट्यम्,भरतनात्यम
bhartnatyam,भरतनाट्यम्,भर्तनात्यम
bharate,भरते,भरते
bharte,भरते,भरते
bharani,भरनी,भरानी
bharni,भरनी,भरणी
bharane,भरने,भरने
bharne,भरने,भरने
bhara,भरा,भरा
bhavishya,भविष्य,भविष्य
bhaate,भाते,भाते
bhate,भाते,भते
bhanu,भानू,भानु
bhabar,भाबर,भाबर
bhareeye,भारीय,भरीय
bhariy,भारीय,भरीय
bhavanaon,भावनाओं,भवनाओं
bhavnaon,भावनाओं,भवनाओं
bhaskar,भास्कर,भस्कर
bheed,भीड़,भीड
bheera,भीरा,भीरा
bhira,भीरा,भीरा
bheesham,भीष्म,भीषम
bhisham,भीष्म,भीषम
bhishm,भीष्म,भीषम
bhugat,भुगत,भुगत
bhugata,भुगता,भुगता
bhugta,भुगता,भुगता
bhutto,भुट्टो,भट्टो
bhumi,भुमि,भूमि
bhurbhura,भुरभुरा,भुरभुरा
bhookh,भूख,भूख
bhukh,भूख,भुख
bhookhi,भूखी,भूखी
bhukhi,भूखी,भुखी
bhoogol,भूगोल,भूगोल
bhugol,भूगोल,भुगोल
bhootal,भूतल,भूतल
bhutal,भूतल,भूतल
bhoopsingh,भूपसिंह,भूपसिंह
bhupsingh,भूपसिंह,भूपसिंह
bhumi,भूमी,भूमि
bhumika,भूमी,भूमिका
bhulata,भूलता,भुलता
bhulataa,भूलता,भुलता
bhulta,भूलता,भुलता
bhula,भूला,भुला
bhulaa,भूला,भुला
bhooli,भूली,भूली
bhuli,भूली,भूली
bhulo,भूलो,भुलो
bhulon,भूलों,भूलों
bhusi,भूसी,भुसी
bhooswaami,भूस्वामी,भूस्वामी
bhusvami,भूस्वामी,भुस्वामी
bhuswami,भूस्वामी,भुस्वामी
bhengapan,भेंगापन,भेंगपन
bhairavnath,भैरवनाथ,भैरावनाथ
bhairo,भैरो,भैरो
bhogatey,भोगते,भोगते
bhogte,भोगते,भोगते
bhola,भोला,भोला
bholi,भोली,भोली
bholu,भोलू,भोलू
bhaunho,भौंहों,भौन्हो
bhaunhon,भौंहों,भौनहों
bhoonhon,भौंहों,भून्हों
bhraant,भ्रांत,भ्रांत
bhrant,भ्रांत,भ्रंत
brant,भ्रांत,ब्रांट
bhraanti,भ्रांति,भ्रांती
bhranti,भ्रांति,भ्रंति
branti,भ्रांति,ब्रांती
bhraantiyan,भ्रांतियां,भ्रांतियां
bhrantiyan,भ्रांतियां,भ्रांतियां
bhraantiyon,भ्रांतियों,भ्रांतियों
bhrantiyon,भ्रांतियों,भ्रृंतियों
mangesh,मंगेश,मांगेश
manch,मंच,मांच
manchit,मंचित,मांछित
mancheeye,मंचीय,मांचीय
manchiy,मंचीय,मांचीय
manchiya,मंचीय,मांचिया
manchon,मंचों,मांचों
manjil,मंजिल,मंजील
manzil,मंजिल,मंजील
manjila,मंजिला,मंजीला
manzila,मंजिला,मंजीला
manjilein,मंजिलें,मंजिलें
manjilen,मंजिलें,मंजिलें
manzilein,मंजिलें,मंजीलें
manto,मंटो,मांटो
mantriyon,मंत्रियों,मंतरियों
makrani,मकरानी,मकरानी
maksad,मक्सद,मकसद
makhdumpur,मखदुमपुर,माखदुमपुर
machaaye,मचाए,मचाए
machae,मचाए,मचाएं
machaye,मचाए,मचाएं
machaanon,मचानों,मचानों
machanno,मचानों,मचाननो
machano,मचानों,मचानो
machanon,मचानों,मचानों
madaura,मढ़ौरा,मादौरा
madhuara,मढ़ौरा,मधुआरा
madhura,मढ़ौरा,मधुरा
manipal,मणिपाल,मनिपाल
matpatron,मतपत्रों,मतपत्रों
matthe,मत्थे,मत्थे
matsyavatar,मत्स्यावतार,मत्स्यवतर
matsyavtar,मत्स्यावतार,मत्स्यवतार
masyendranath,मत्स्येंद्रनाथ,मस्येंद्रनाथ
matsyendranath,मत्स्येंद्रनाथ,मत्स्यंद्राथ
madhupur,मधुपुर,मधुपुर
manmarji,मनमर्जी,मनमारजी
manae,मनाए,मनाए
manaye,मनाए,मनाए
mnaey,मनाए,मनाए
mam,मम,मम
mum,मम,मम
maryokar,मयोर्का,मार्योकार
mayorka,मयोर्का,मायोरका
mayorkaa,मयोर्का,मायोरका
mardaani,मरदानी,मरदानी
mardani,मरदानी,मरदानी
marmar,मरमर,मरमार
murmur,मरमर,मुरमूर
maratha,मराठा,मराठा
marathi,मराठी,माराठी
marji,मर्जी,मर्जी
mardanagi,मर्दानगी,मरदनगी
mardangi,मर्दानगी,मरदंगी
mardo,मर्दों,मरदो
mardon,मर्दों,मरदों
maryaadaa,मर्यादा,मर्यादा
maryada,मर्यादा,मर्यादा
maryaadaaon,मर्यादाओं,मार्यादाओं
maryadaon,मर्यादाओं,मार्यादाओं
malaga,मलागा,मलगा
malaar,मलार,मलार
malar,मलार,मालर
mashrak,मशरक,मशरक
masaaledaar,मसालेदार,मसालेदार
masaledaar,मसालेदार,मसलेदार
masaledar,मसालेदार,मसलेदार
masoor,मसूर,मसूर
masur,मसूर,मसुर
masse,मस्से,मस्से
mahakane,महकने,महकाने
mahakne,महकने,महकने
mahkane,महकने,महकाने
mehkane,महकने,महकाने
mahalon,महलों,महलों
mahlon,महलों,महलों
mahagranth,महाग्रंथ,महागरांद
mhagranth,महाग्रंथ,महागरांत
mahajan,महाजन,महजन
mhajan,महाजन,महाजन
mahathir,महाथिर,महतीर
mhathir,महाथिर,महतीर
mahanatam,महानतम,महानतम
mahantam,महानतम,महंतम
mhantam,महानतम,महंतम
mahanideshak,महानिदेशक,महानिदेशक
mahanirdeshak,महानिदेशक,महानिर्देशक
mhanideshak,महानिदेशक,महानिदेशक
mahapauron,महापौरों,महापौरों
mhapauron,महापौरों,महापौरों
mahapran,महाप्राण,महाप्रण
mhapran,महाप्राण,महाप्रण
mahamantr,महामंत्र,महामंत्र
mahamantra,महामंत्र,महामंत्र
mhamantra,महामंत्र,महामंत्र
maharaja,महाराजा,महाराजा
mahavigyan,महाविज्ञान,महाविज्ञान
mhavidyan,महाविज्ञान,महाविद्यान
mahavidya,महाविद्या,महाविद्य
mhavidya,महाविद्या,महाविद्य
mahavishnu,महाविष्णु,महाविष्णु
mahasingh,महासिंह,महासिंह
mahasinh,महासिंह,महासिंह
mahipal,महिपाल,महिपाल
mahin,महीन,महीं
mahinon,महीनों,महिनों
maang,मांग,मांग
mang,मांग,मंग
mangani,मांगनी,मंगानी
mangni,मांगनी,मंगनी
maanga,मांगा,मांगा
manga,मांगा,मंगा
maangi,मांगी,मांगी
mangi,मांगी,मंगी
maange,मांगे,मांगे
mange,मांगे,मंगे
mango,मांगो,मंगों
maori,माओरी,माओरी
maajin,माजिन,माजिन
majin,माजिन,मजीन
mathe,माथे,मठे
mathey,माथे,मैथे
maap,माप,माप
map,माप,माप
mop,माप,मोप
mamooli,मामूली,ममूली
mamuli,मामूली,मामुली
mame,मामे,ममे
maarvaad,मारवाड़,मारवाद
marvad,मारवाड़,मारवाड़
marwar,मारवाड़,मारवार
maariya,मारिया,मारिया
mariya,मारिया,मरीया
maariyo,मारियो,मारियो
mario,मारियो,मरियो
mariyo,मारियो,मारियो
martha,मार्था,मार्था
maalish,मालिश,मालीश
malish,मालिश,मलीश
mave,मावे,मावे
mavey,मावे,मावे
maas,मास,मास
mas,मास,मस
mass,मास,मस
maason,मासों,मासों
mason,मासों,मसों
mitaao,मिटाओ,मिटाओ
mitao,मिटाओ,मिटाओ
mithaai,मिठाई,मिथाई
mithai,मिठाई,मिथाई
media,मिडिया,मेडिया
mithila,मिथिला,मिथिला
mithilanchal,मिथिलांचल,मीठिलंचल
mithya,मिथ्या,मिथ्य
mimicry,मिमिक्री,मिमिक्री
milkiyat,मिल्कियत,मिलकियत
misha,मिशा,मिशा
mungeri,मुंगेरी,मुंगेरी
mundva,मुंडवा,मुंडवा
mundwa,मुंडवा,मुंडवा
munshiganj,मुंशीगंज,मुनशीगंज
mukarte,मुकरते,मुकरते
mukartey,मुकरते,मुकरते
mukhopadhyaya,मुखोपाध्याय,मुखोपाध्याय
mukhyopadhyaay,मुखोपाध्याय,मुख्योपाध्याय
mukhyamantri,मुख्यमंत्री,मुख्यमंत्री
munaf,मुनाफ,मुनाफ
munafa,मुनाफा,मुनाफा
munnu,मुन्नू,मून्नू
mufalisi,मुफलिसी,मुफलीसी
muflisi,मुफलिसी,मुफलीसी
mubarakpur,मुबारकपुर,मुबारकपुर
mubarkpur,मुबारकपुर,मुबरकपुर
murjha,मुर्झा,मुरझा
multae,मुल्ताई,मूलताए
multai,मुल्ताई,मुल्ताई
mushahid,मुशाहिद,मुशाहिद
muhavare,मुहावरे,मुहावरे
muhavre,मुहावरे,मुहावरे
mooth,मूठ,मूठ
muth,मूठ,मूठ
mood,मूड,मूद
mud,मूड,मुद
moodi,मूडी,मूदी
moody,मूडी,मूद्य
mool,मूल,मूल
mul,मूल,मूल
moolchand,मूलचंद,मूलचंद
mulchand,मूलचंद,मूलचंद
moolar,मूलर,मूलर
mular,मूलर,मूलर
muller,मूलर,मुलर
moolon,मूलों,मूलों
mulon,मूलों,मूलों
maxico,मेक्सिको,मैक्सीको
mexico,मेक्सिको,मैक्सिको
mega,मेगा,मेगा
megapixal,मेगापिक्सल,मैगपापिकल
megapixel,मेगापिक्सल,मैगापिक्सेल
mejbaan,मेजबान,मेजबान
mejban,मेजबान,मेजबान
mezbaan,मेजबान,मेजबान
mejabani,मेजबानी,मेजबानी
mejbaani,मेजबानी,मेजबानी
mejbani,मेजबानी,मेजबानी
mezabani,मेजबानी,मेजबानी
mejbaan,मेज़बान,मेजबान
mejban,मेज़बान,मेजबान
mezbaan,मेज़बान,मेजबान
mejbaani,मेज़बानी,मेजबानी
mejbani,मेज़बानी,मेजबानी
mezbaani,मेज़बानी,मेजबानी
mate,मेट,माते
met,मेट,मेट
mates,मेट्स,मैट्स
medical,मेडीकल,मैडिकल
methanol,मेथेनॉल,मेथनोल
menu,मेनू,मेनू
mem,मेम,मेम
melaghaat,मेलघाट,मेलाघात
melghat,मेलघाट,मेलघट
melaanin,मेलानिन,मेलानिन
melanin,मेलानिन,मेलानिन
melaani,मेलानी,मेलानी
melani,मेलानी,मेलनी
maheman,मेहमान,महेमान
mehamaan,मेहमान,मेहमान
mehaman,मेहमान,मेहमन
mehmaan,मेहमान,मेहमान
mehman,मेहमान,मेहमान
meharaam,मेहराम,मेहराम
mehram,मेहराम,मेहराम
macbook,मैकबुक,मैकबुक
matix,मैट्रिक्स,मैटिक्स
matrix,मैट्रिक्स,मेट्रिक्स
mad,मैड,माद
made,मैड,मेड
maid,मैड,मैद
maddy,मैडी,मैडी
maidi,मैडी,मैदी
main,मैन,मैं
man,मैन,मन
men,मैन,मेन
mainan,मैनन,मैनन
menon,मैनन,मेनों
manner,मैनर,मन्नेर
maina,मैना,मैना
maine,मैने,मैने
marrej,मैरेज,मरेज
marriage,मैरेज,मैरिजेज
merraige,मैरेज,मरेज
maisachusets,मैसाचुसेट्स,मैसाकसेट्स
massachusetts,मैसाचुसेट्स,मैसाचुसेट्स
maisor,मैसोर,मैसोर
maisore,मैसोर,मैसोर
mysore,मैसोर,मैसोर
mod,मॉड,मोड़
mode,मॉड,मोड़े
modern,मॉडर्न,मॉडर्न
module,मॉड्यूल,मोडुले
modules,मॉड्यूल्स,मोडुल्स
modyuls,मॉड्यूल्स,मॉडिल्स
mauritious,मॉरिशस,मॉरीशस
mauritius,मॉरिशस,मॉरीशस
mogali,मोगली,मोगली
mowgli,मोगली,मौगली
motive,मोटिव,मोटिवे
mol,मोल,मोल
mold,मोल्ड,मोल्ड
moshe,मोशे,मोशे
mosad,मोसाद,मोसद
mohana,मोहाना,मोहना
mohani,मोहानी,मोहनी
mohini,मोहिनी,मोहिनी
mohim,मोहिम,मोहिम
maukon,मौकों,मौकों
mauma,मौमा,मौमा
maurya,मौर्या,मौर्य
morya,मौर्या,मोरया
maurya,मौर्यों,मौर्य
mauryon,मौर्यों,मौर्यों
moryon,मौर्यों,मोरियन
maulaviyon,मौलवियों,मौलवियों
maulvidon,मौलवियों,मौलविदों
maulviyon,मौलवियों,मौलवियों
maule,मौले,मौले
mauley,मौले,मौले
mausa,मौसा,मौसा
yatn,यत्न,यतन
yatna,यत्न,यतना
yada,यदा,यादा
yda,यदा,यदा
yaduvansh,यदुवंश,यदुवंश
yaduwansh,यदुवंश,यदुवंश
jerusalem,यरूशलेम,जेरूसलम
yarooshaleim,यरूशलेम,यरूशालेम
yarushalem,यरूशलेम,यरुशलम
yashpaal,यशपाल,यशपाल
yashpal,यशपाल,यशपाल
yaatna,यातना,यातना
yatna,यातना,यतना
yaatanaon,यातनाओं,यातनाओं
yatnaon,यातनाओं,यातनाओं
yarayan,यात्राएं,यारायण
yatraein,यात्राएं,यतराएं
yatraen,यात्राएं,यत्राएं
yaariyan,यारियां,यारियां
yariyan,यारियां,यारियां
yaari,यारी,यारी
yari,यारी,यरी
yugam,युग्म,युगम
yugm,युग्म,युग्म
yuddhrat,युद्धरत,युद्धृत
yudhrat,युद्धरत,युद्धरत
ukrainian,यूक्रेनियन,यूक्रेनियन
ukranian,यूक्रेनियन,यूक्रानियन
jerusalem,येरुशलम,जेरूसलम
yorker,यॉर्कर,यॉर्कर
yojanaein,योजनाएं,योजनाएं
yojanaen,योजनाएं,योजनाएं
yojanaye,योजनाएं,योजनाए
rangate,रंगते,रंगते
rangte,रंगते,रंगते
rangkata,रंजकता,रंगकता
ranjkatha,रंजकता,रंजकथा
ranjkta,रंजकता,रांजकता
raees,रईस,रीज़
rais,रईस,रैस
raktaabh,रक्ताभ,रक्ताभ
raktabh,रक्ताभ,रक्तभ
rakhna,रखना,रखना
raghupati,रघुपति,रघुपति
raghuram,रघुराम,रघुराम
registerd,रजिस्टर्ड,रजिस्टर्ड
registered,रजिस्टर्ड,राइजिस्टर्ड
ratanpur,रतनपुर,रतनपुर
runners,रनर्स,रनर्स
rayan,रयान,रायण
ryan,रयान,रयान
ralhan,रल्हन,राल्हण
ravish,रविश,राविश
ravael,रवैल,रावेल
ravel,रवैल,रेवल
rawail,रवैल,रावैल
rasad,रसद,रसड़
rasaayanik,रसायनिक,रसायनिक
rasaayanika,रसायनिक,रसायनिक
rasayanika,रसायनिक,रसायनिका
rasyanik,रसायनिक,रास्यानिक
rasaayanon,रसायनों,रसायनों
rasayanon,रसायनों,रसायनों
rahamat,रहमत,रहमत
rahmat,रहमत,रहमत
rhamat,रहमत,रहमत
rahenge,रहेंगे,रहेंगे
rahegi,रहेगी,रहेगी
rounder,राउंडर,राउंडर
raak,राक,राक
rak,राक,रक
raakhe,राखे,राखे
rakhe,राखे,रखे
raagon,रागों,रागों
ragon,रागों,रागों
raghavan,राघवन,रघवान
raaj,राज,राज
raj,राज,रज
rajkot,राजकोट,राजकोट
rajtantra,राजतंत्र,राजतंत्र
raajneetikaran,राजनीतीकरण,राजनीतिकरण
rajneetikaran,राजनीतीकरण,राजनीतिकरण
rajnitikaran,राजनीतीकरण,राजनीतिकरण
rajma,राजमां,राजमा
rajman,राजमां,राजमान
raajasva,राजस्व,राजसवा
rajasva,राजस्व,राजसवा
raaji,राजी,राजी
raji,राजी,राजी
rajinaama,राजीनामा,राजीनामा
rajinama,राजीनामा,राजीनमा
raajon,राजों,राजों
rajon,राजों,राजों
rana,राणा,राना
raatrichar,रात्रिचर,रात्रिचार
ratrichar,रात्रिचर,रतरिचार
raadhe,राधे,राढ़े
radhe,राधे,राढ़े
ranapur,रानापुर,रणापुर
rabin,राबिन,रबीन
robin,राबिन,रॉबिन
rabha,राभा,रभा
ramkot,रामकोट,रामकोट
ramkote,रामकोट,रामकोटे
ramtek,रामटेक,रामतेक
rampur,रामपुर,रामपुर
rambharose,रामभरोसे,रामभरोस
rambharosey,रामभरोसे,रामभरोस्य
ramraj,रामराज,रामराज
raalod,रालोद,रालोड
ralaud,रालोद,रालौद
ralod,रालोद,रालोड
ravaley,रावले,रावले
ravle,रावले,रावले
rasayanik,रासायनिक,रसायनिक
racreation,रिक्रिएशन,रैक्रिएशन
recreation,रिक्रिएशन,रिक्रिएशन
rig,रिग,रिग
riggs,रिग्स,राइज्स
rigs,रिग्स,राइज
richual,रिचुअल,रिचुआल
ritual,रिचुअल,रितुआल
reduction,रिडक्शन,रेडुक्शन
ripan,रिपन,रिपन
ripon,रिपन,रिपों
ria,रिया,रिया
riya,रिया,रिया
rishte,रिश्ते,रिश्ते
rishtey,रिश्ते,रिश्ते
risane,रिसने,रिसने
risaney,रिसने,रिसने
risne,रिसने,रिसने
rihana,रिहाना,रिहाना
rihanna,रिहाना,रिहानना
regal,रीगल,रेगल
rigal,रीगल,रिगल
reasonal,रीजनल,रिजॉनल
regional,रीजनल,रेजियोनल
retreate,रीट्वीट,रिट्रेट
retweet,रीट्वीट,रिटवीट
reeta,रीता,रीता
rita,रीता,रीता
rukate,रुकते,रुकते
rukte,रुकते,रुकते
ruktey,रुकते,रुकते
rugan,रुग्ण,रूगण
rugna,रुग्ण,रूग्ण
ruganta,रुग्णता,रुगांता
rugnata,रुग्णता,रुग्नता
rojvelt,रुजवेल्ट,रोजवेल्ट
roojwelt,रुजवेल्ट,रूजवेल्ट
roosevelt,रुजवेल्ट,रूज़वेल्ट
rodolph,रुडोल्फ,रोडोल्फ
rudolf,रुडोल्फ,रुडोल्फ
rudolph,रुडोल्फ,रूडोल्फ
roopesh,रुपेश,रूपेश
rupesh,रुपेश,रुपेश
ruby,रुबी,रूबी
roomani,रुमानी,रूमानी
rumani,रुमानी,रूमानी
rukavaton,रूकावटों,रुकावटों
root,रूट,रुट
route,रूट,राउत
rooting,रूटिंग,रूटिंग
routine,रूटिंग,राउटिन
routing,रूटिंग,राउटिंग
roots,रूट्स,रुट्स
routes,रूट्स,राउट्स
roopak,रूपक,रुपक
rupak,रूपक,रुपक
roopi,रूपी,रूपी
rupi,रूपी,रूपी
rantle,रेंटल,रांटले
rental,रेंटल,रेंटल
registan,रेगिस्तान,रेजिस्टन
registani,रेगिस्तानी,रेजिस्टानी
reja,रेजा,रेजा
reza,रेजा,रीजा
rate,रेट,रते
rate,रेत,रते
ret,रेत,रेत
refaeli,रेफेली,रेफाएली
refeli,रेफेली,रेफली
reshe,रेशे,रेशे
reshey,रेशे,रेशे
race,रेस,रेस
rese,रेस,रेज़
racer,रेसर,रेसर
recer,रेसर,रेसर
racing,रेसिंग,रेसिंग
reson,रेसों,रेसों
rehaana,रेहाना,रेहाना
rehana,रेहाना,रेहना
racketeer,रैकेटियर,रैकेटिएटर
racketier,रैकेटियर,रैकेटिएटर
rectare,रैकेटियर,रेक्टर
radical,रैडिकल,राडिकल
raidical,रैडिकल,रायडिकल
raith,रैथ,राइथ
rapping,रैपिंग,रापिंग
wrapping,रैपिंग,रापिंग
robertsan,रॉबर्टसन,रॉबर्ट्सन
robertson,रॉबर्टसन,रॉबर्ट्सन
robinson,रॉबिंसन,रॉबिंसन
royals,रॉयल्स,रोयल्स
rojlin,रोजलिन,रोजलीन
rozlyn,रोजलिन,रोजल्न
rotation,रोटेशन,रोटेशन
rodrigo,रोड्रिगो,रोड़रिगो
ronaldo,रोनाल्डो,रोनाल्डो
ronit,रोनित,रोनित
roni,रोनी,रोनी
ropane,रोपने,रोपने
ropaney,रोपने,रोपने
ropne,रोपने,रोपने
robin,रोबिन,रॉबिन
roya,रोया,रोया
rollers,रोलर्स,रॉलर्स
rovan,रोवन,रोवन
rowan,रोवन,रावन
rosario,रोसारियो,रोशारियो
rosariyo,रोसारियो,रोसरियो
raubadaar,रौबदार,रौबदार
raubadar,रौबदार,रौबदार
raubdar,रौबदार,रौबदार
landara,लंगड़ा,लंदारा
langada,लंगड़ा,लंगड़ा
langda,लंगड़ा,लंगदा
langar,लंगर,लंगार
langaron,लंगरों,लंगरों
langron,लंगरों,लंग्रों
lambi,लंबी,लांबी
lakeer,लकीर,लकीर
lakir,लकीर,लाकिर
lakiron,लकीरों,लकीरों
lakme,लक्मे,लक्मे
lakshmidhar,लक्ष्मीधर,लक्ष्मीधार
lakshmighar,लक्ष्मीधर,लक्ष्मीघर
lakshy,लक्ष्य,लक्ष्य
lakshya,लक्ष्य,लक्ष्य
lakshyon,लक्ष्यों,लक्ष्यों
lux,लक्स,ल्यूक्स
laksar,लक्सर,लक्सर
luxor,लक्सर,लक्कर
lakhkhi,लख्खी,लख़की
lagna,लगना,लगना
laganewale,लगनेवाले,लगनेवाले
lagnevaaley,लगनेवाले,लगनेवाले
lagnewale,लगनेवाले,लगनेवाले
lagega,लगेगा,लगेगा
lajjalu,लज्जालु,लज्जलु
latkate,लटकाते,लटकते
ladki,लड़की,लड़की
ladate,लड़ते,लड़ते
ladte,लड़ते,लाडते
ladaai,लड़ाई,लड़ाई
ladai,लड़ाई,लड़ाई
ladaaiyon,लड़ाईयों,लड़ाइयों
ladaeyon,लड़ाईयों,लड़ाएं
ladaiyon,लड़ाईयों,लड़ाइयों
lapetane,लपेटने,लपेटने
lapetne,लपेटने,लैपेटेन
labada,लबादा,लबड़ा
lbada,लबादा,लबाड़ा
labdh,लब्ध,लब्ध
lbdh,लब्ध,लबीएडी
lalak,ललक,लालक
lalkarata,ललकारता,ललकरता
lalkarta,ललकारता,लालकर्ता
lalla,लल्ला,लाल्ला
lavasa,लवासा,लवासा
lovasa,लवासा,लोवासा
lassi,लस्सी,लस्सी
lahanaa,लहना,लहना
lahna,लहना,लहना
lehna,लहना,लहना
lahraee,लहराई,लहराई
lahrai,लहराई,लहरायी
lehrayi,लहराई,लहरायी
lahalhati,लहलहाती,लहालहटी
lahlahaati,लहलहाती,लहलहाती
lahlahati,लहलहाती,लहलाहटी
lahsun,लहसुन,लहसून
lasoon,लहसुन,लसून
lanchar,लांचर,लांचार
launcher,लांचर,लॉन्चें
lycopene,लाइकोपिन,लायकॉपेन
lime,लाइम,लाइम
lives,लाइव्स,लाइवेस
live,लाईव,लाइव
laegi,लाएगी,लाएगी
lagataar,लागातार,लगातार
lagatar,लागातार,लगातार
laata,लाता,लाता
lata,लाता,लता
laati,लाती,लाती
lati,लाती,लती
layega,लायेगा,लाएगा
lalpur,लालपुर,लालपुर
las,लास्ट,लस
last,लास्ट,लस्त
lindbhed,लिंगभेद,लिंडबेड
lingbhed,लिंगभेद,लिंगबेड
lindan,लिंडन,लिंडन
lindn,लिंडन,लिंडन
lindon,लिंडन,लिंडों
likhakar,लिखकर,लिखाकर
likhkar,लिखकर,लिखकर
ligar,लिगर,लिगर
liger,लिगर,लाइजर
liberation,लिबरेशन,लाइबरेशन
libration,लिबरेशन,लाइब्रेशन
liberation,लिब्रेशन,लाइबरेशन
libration,लिब्रेशन,लाइब्रेशन
leaderon,लीडरों,लीडरों
leedaron,लीडरों,लीडारों
lidaron,लीडरों,लिडारों
liidaron,लीडरों,लिड़ारों
louis,लुईस,लाउज
luis,लुईस,लुईएस
ludhakate,लुढ़कते,लुढ़कते
ludhkate,लुढ़कते,लुढ़कते
lurhakate,लुढ़कते,लुढ़कते
lutf,लुत्फ,लुटफ
lumding,लुमडिंग,लुमडिंग
lootmaar,लूटमार,लूटमार
lootmar,लूटमार,लूटमर
landal,लेंडल,लंडल
lendal,लेंडल,लेंडल
lega,लेगा,लेगा
legaa,लेगा,लेगा
letakar,लेटकर,लेटकर
letkar,लेटकर,लेतकर
lenevali,लेनेवाली,लेनेवाली
lenewali,लेनेवाली,लेनेवाली
label,लेबल,लबेल
labeling,लेबलिंग,लेबलिंग
labelling,लेबलिंग,लेबलिंग
labelo,लेबलों,लेबलो
labelon,लेबलों,लबेलों
lebalon,लेबलों,लेबलों
lemon,लेमन,लेमों
laingadan,लैंगडन,लैंगड़न
langdon,लैंगडन,लांगड़ों
lengdan,लैंगडन,लेनग्डन
laigikata,लैंगिकता,लैगीकता
laingikta,लैंगिकता,लैंगिकता
lanset,लैंसेट,लैंसेट
lenset,लैंसेट,लेंसेट
lairi,लैरी,लैरी
lairy,लैरी,लैरी
larry,लैरी,लारी
lace,लैस,लेस
less,लैस,लेस
locket,लॉकेट,लॉकेट
laundry,लॉन्ड्री,लौंद्री
longewal,लोंगोवाल,लोंगेवाल
longewala,लोंगोवाल,लोंगेवाला
longoval,लोंगोवाल,लोंगोवाल
log,लोग,लॉग
loge,लोगे,लोज
lochdar,लोचदार,लोचदार
lodi,लोदी,लोडी
laurence,लौरेंस,लारेंस
laurens,लौरेंस,लॉरेंस
laurense,लौरेंस,लॉरेनेंस
wonder,वंडर,वॉन्डर
vansh,वंश,वंश
vanshdhar,वंशधर,वंशदार
vanshavad,वंशवाद,वांशावाद
vanshvaad,वंशवाद,वांशवाद
vanshvad,वंशवाद,वांशवाद
wanshwad,वंशवाद,वांशवाद
vajood,वजूद,वजूद
vajud,वजूद,वजुद
wajood,वजूद,वजूद
vadali,वडाली,वादली
vadli,वडाली,वादली
wadali,वडाली,वादली
vanita,वनिता,वानीता
vareinye,वरेण्य,वरीने
varenya,वरेण्य,वरेनीय
varn,वर्ण,वर्ण
varna,वर्ण,वर्ण
varnit,वर्णित,वर्णित
vartamaan,वर्तमान,वर्तमान
vartaman,वर्तमान,वर्तमान
vartmaan,वर्तमान,वर्तमान
vartman,वर्तमान,वर्तमान
varddhaman,वर्द्धमान,वर्द्धमन
vardhmaan,वर्द्धमान,वर्धमान
vardhman,वर्द्धमान,वर्धमान
verbal,वर्बल,वर्बल
varshan,वर्शन,वर्षण
vasharan,वर्शन,वाष्रण
vershan,वर्शन,वर्षण
version,वर्शन,वर्जिन
varsaache,वर्साचे,वर्साचे
varsaryache,वर्साचे,वर्सर्याचे
vasearche,वर्साचे,वासेर्च
valkan,वल्कन,वाकालन
valkkan,वल्कन,वाक्कवान
velkan,वल्कन,वेलकन
vash,वश,वाश
vashikaran,वशीकरण,वाष्टीकरण
vaangchuk,वांगचुक,वांगछुक
vangchuk,वांगचुक,वांगचुक
wangchuk,वांगचुक,वांगछुक
want,वांट,वांट
vije,वाइज,विजे
vise,वाइज,वीसे
wise,वाइज,वाईस
vatar,वाटर,वातर
water,वाटर,वाटर
watson,वाटसन,वाट्सन
wattson,वाटसन,वाट्सन
vaan,वाण,वान
waan,वाण,वान
vaanon,वाणों,वानों
vanon,वाणों,वनों
wanon,वाणों,वनों
vatanukulan,वातानुकूलन,वातानुकूलन
watanukoollan,वातानुकूलन,वातानुकूलन
vaadak,वादक,वादक
vadak,वादक,वादक
vaadiyon,वादियों,वादियों
vadiyon,वादियों,वादियों
wadiyon,वादियों,वादियों
vayana,वायना,वायन
vayna,वायना,वायना
wayna,वायना,वायना
wireless,वायरलेस,वायरलेस
wirerless,वायरलेस,वरेरल्स
warrior,वारियर्स,वारियर
warriors,वारियर्स,वारियर्स
valve,वाल्व,वाल्वे
wolv,वाल्व,वोल्व
vastavik,वास्तविक,वास्ताविक
vastvik,वास्तविक,वास्तविक
vaahikayen,वाहिकाएं,वाहिकाएं
vahikayen,वाहिकाएं,वाहिकाएं
wahikayan,वाहिकाएं,वाहिकायन
winter,विंटर,विंटर
vincent,विंसेंट,विंसेंट
vikalpon,विकल्पों,विकल्पों
wicket,विकेट,विकेट
vikramjeet,विक्रमजीत,विक्रमजीत
vikramjit,विक्रमजीत,विक्रमजित
vichaarakon,विचारकों,विचारकों
vicharakon,विचारकों,विचारकों
vigyan,विज्ञान,विज्ञान
vigyaani,विज्ञानी,विज्ञानी
vigyani,विज्ञानी,विज्ञानी
vigyaanon,विज्ञानों,विज्ञानों
vigyanon,विज्ञानों,विज्ञानों
vitthal,विट्ठल,वित्थल
viththal,विठ्ठल,विथताल
vitthal,विठ्ठल,वित्थल
vitark,वितर्क,वितर्क
vidhaaein,विद्याएं,विधाएं
vidyaayein,विद्याएं,विद्याएं
vidyaen,विद्याएं,विद्याएं
vidhaaon,विद्याओं,विधाओं
vidyaaon,विद्याओं,विद्याओं
vidyaon,विद्याओं,विद्याओं
vidhansabhaein,विधानसभाएं,विधानसभाएं
vidhansabhaen,विधानसभाएं,विधानसभाएं
vidhivat,विधिवत,विधिवत
vidhut,विधुत,विद्युत
vinasht,विनष्ट,विनाश्त
vineet,विनीत,विनीत
vinit,विनीत,विनित
vipreetataa,विपरीतता,विपरीतता
vipritata,विपरीतता,विपीत्रता
vipra,विप्रा,विप्र
vipro,विप्रो,विप्रो
wipro,विप्रो,विप्रो
vibha,विभा,विभा
vibhajak,विभाजक,विभाजक
vibhram,विभ्रम,विभर्म
vibhrm,विभ्रम,विभर्म
vibram,विभ्रम,विब्रम
vimarsh,विमर्श,विमर्श
vimarsho,विमर्शों,विमर्शों
vimarshon,विमर्शों,विमारशों
virajati,विराजती,विराजती
virechan,विरेचन,विरेचन
virodh,विरोध,विरोध
virodhabhasi,विरोधाभासी,विरोधाभासी
virodhabhason,विरोधाभासों,विरोधाभासों
vividh,विविध,विविध
vivekahin,विवेकहीन,विवेकाहीन
vivekheen,विवेकहीन,विवेखीन
visheshan,विशेषण,विशेषण
visheshanon,विशेषणों,विशेषणों
visheshaadhikaar,विशेषाधिकार,विशेषाधिकार
visheshadhikar,विशेषाधिकार,विशेषाधिकार
vishwasaniy,विश्वसनीय,विश्वसनीय
vishwasniiya,विश्वसनीय,विश्वसनीय
vishwasaniyata,विश्वसनीयता,विश्वसनीयता
vishwasniiyataa,विश्वसनीयता,विश्वसंता
vishahin,विषहीन,विशाहिन
vishhin,विषहीन,विश्चिन
vishanu,विष्णु,विषाणु
vishnu,विष्णु,विष्णु
vlc,वीएलसी,वीलीसी
weeks,वीक्स,वीक्स
veerchand,वीरचंद,वीरचंद
virchand,वीरचंद,विरचंद
veeresh,वीरेश,वीरेश
viresh,वीरेश,वीरेश
vritton,वृत्तों,वृत्तों
vruton,वृत्तों,व्रूटों
vrutton,वृत्तों,वृत्तों
venkataraman,वेंकटरमन,वेंकटरमण
venkatraman,वेंकटरमन,वेंकटरमण
ved,वेड,वेद
wade,वेड,वादे
wed,वेड,वेड
wedding,वेडिंग,वेडिंग
vediyon,वेदियों,वेदियों
vedon,वेदों,वेदों
venezuela,वेनेजुएला,वेनेजुएला
veronica,वेरोनिका,वरोनिका
veronika,वेरोनिका,वेरोनिका
weronika,वेरोनिका,वेरोनिका
velvet,वेलवेट,वेल्वेट
welwet,वेलवेट,वेल्वेट
welder,वेल्डर,वेल्डर
weldor,वेल्डर,वेल्डोर
welding,वेल्डिंग,वेल्डिंग
wealth,वेल्थ,वील्थ
vellur,वेल्लूर,वेलर
velur,वेल्लूर,वेलर
vesh,वेश,वेश
wasting,वेस्टिंग,वास्टिंग
westing,वेस्टिंग,वेस्टिंग
wastinghouse,वेस्टिंगहाउस,वास्टिंघायोस
westinghouse,वेस्टिंगहाउस,वेस्टिंघायोस
vaisley,वेस्ले,वैसले
vesle,वेस्ले,वेसले
wesle,वेस्ले,वेसले
vaigyaanik,वैज्ञानिक,वैज्ञानिक
vaigyanik,वैज्ञानिक,वैज्ञानिक
vegyanik,वैज्ञानिक,वेज्ञानिक
vaigyaanikta,वैज्ञानिकता,वैज्ञानिकता
vaigyanikata,वैज्ञानिकता,वैज्ञानिकता
vaigyanikta,वैज्ञानिकता,वैज्ञानिकता
vaitravati,वैत्रवती,वैत्रवती
vaitrawati,वैत्रवती,वैत्रवती
vaimanasy,वैमनस्य,वैमानसी
vaimanasya,वैमनस्य,वैमानास्य
vaimanya,वैमनस्य,वैमान्य
very,वैरी,वेरी
vaisaakh,वैशाख,वैसाख
vaishakh,वैशाख,वैशाख
vaishaakhi,वैशाखी,वैशाखी
vaishakhi,वैशाखी,वैशाखी
vaishnodevi,वैष्णोदेवी,वैशनोदेवी
vyaktigat,व्यक्तिगत,व्यक्तिगत
vyagr,व्यग्र,व्याग्र
vyagra,व्यग्र,व्याग्र
vyatit,व्यतीत,व्यातित
vytit,व्यतीत,व्यतित
vyabhichar,व्यभिचार,व्यभीचार
vyabhichari,व्यभिचार,व्यभिचारी
vyavadhan,व्यवधान,व्यवाधन
vyavdhan,व्यवधान,व्यवधान
vyavahargat,व्यवहारगत,व्यवहारगत
vyvhargat,व्यवहारगत,व्यवहार्गत
vyaghat,व्याघात,व्याघात
vyapak,व्यापक,व्यापक
vlad,व्लाद,व्लैड
wlaad,व्लाद,व्लाद
vladimir,व्लादिमीर,व्लादीमीर
shanghai,शंघाई,शंघाई
shatpath,शतपथ,शत्पथ
shanivar,शनिवार,शानीवार
shaniwar,शनिवार,शानीवार
shabana,शबाना,शबाना
shbana,शबाना,शबाना
shabdarth,शब्दार्थ,शबदर्थ
shamadan,शमादान,शमादान
shmadan,शमादान,शमदान
shamitabh,शमिताभ,शमीताभ
shamil,शमिल,शमील
shmil,शमिल,शमील
sharabon,शराबों,शराबों
shrabon,शराबों,श्रबों
shararat,शरारत,शरारत
shrart,शरारत,शर्रत
sharmana,शर्माना,शर्मना
shaharwasiyon,शहरवासियों,शहरवासियों
shahrvasiyon,शहरवासियों,शहरवासियों
shervasiyon,शहरवासियों,शर्वासियों
shahdara,शहादरा,शाहदरा
shaantikaal,शांतिकाल,शांतिकाल
shantikal,शांतिकाल,शांतिकाल
shaao,शाओ,शाओ
shao,शाओ,शाओ
shaakir,शाकिर,शाकीर
shakir,शाकिर,शकीर
shaakhaaen,शाखाएं,शाखाएं
shakhayan,शाखाएं,शखायां
shakhayen,शाखाएं,शखाएं
shayak,शायक,शयक
shaavakon,शावकों,शावकों
shavakon,शावकों,शावकों
shavkon,शावकों,शावकों
shaasaka,शासक,शासका
shasak,शासक,शासक
sasakon,शासकों,ससकों
shaasakon,शासकों,शासकों
shasakon,शासकों,शासकों
shipra,शिप्रा,शिप्र
shirke,शिर्के,शर्के
sheershakon,शीर्षकों,शीर्षकों
shirshakon,शीर्षकों,शिर्शकों
shirshkon,शीर्षकों,शीर्षकों
shujaat,शुजात,शुजात
shujat,शुजात,शुजात
shooting,शुटिंग,शूटिंग
shutting,शुटिंग,शटिंग
should,शुड,शोल्ड
shud,शुड,शुद
shubhankar,शुभंकर,शुभंकर
shumaali,शुमाली,शुमाली
shumali,शुमाली,शुमली
shringaar,शृंगार,श्रीनगार
shringar,शृंगार,श्रीनगर
shrungar,शृंगार,श्रृंगर
sheling,शेलिंग,शेलिंग
shelling,शेलिंग,शेलिंग
shaili,शैली,शैली
shaly,शैली,शाल्य
sheli,शैली,शेली
shaishav,शैशव,शैश्व
sean,शॉन,सीन
shaun,शॉन,शौन
shawn,शॉन,शावन
short,शोर्ट,शोर्ट
sure,श्योर,सुरे
shrankhala,श्रंखला,श्रृंखला
shrankhalaa,श्रंखला,श्रृंखला
shrunkhla,श्रंखला,शृंखला
shrankhalaaon,श्रंखलाओं,श्रृंखलाओं
shrinkhalaon,श्रंखलाओं,शृंखलाओं
shrunkhlaon,श्रंखलाओं,शृंखलाओं
shravani,श्रावणी,श्रावणी
shrikar,श्रीकर,श्रीकर
shrikhand,श्रीखंड,श्रीखंड
shrimati,श्रीमति,श्रीमती
shriram,श्रीराम,श्रीरीम
sriram,श्रीराम,श्रीराम
shrotaon,श्रोताओं,श्रोताओं
shat,षट्,शत
sankhyaein,संख्याएं,संख्याएं
sankhyaen,संख्याएं,संख्याएं
sankhyayen,संख्याएं,संख्याएं
sanghanit,संघनित,संघनित
sanghnit,संघनित,संघनित
sanchayan,संचयन,संचायन
sanchar,संचार,संचर
sanchaari,संचारी,संचारी
sanchari,संचारी,संचारी
sanchalanon,संचालनों,संचलनों
sanchalnon,संचालनों,संचलनों
sanjay,संजय,संजय
sanjeevan,संजीवन,संजीवन
sanjivan,संजीवन,संजीवन
santati,संतति,संतती
sandarbh,संदर्भ,संदर्भ
sandarbha,संदर्भ,संदर्भ
sandrbh,संदर्भ,संद्रभ
sandarbhon,संदर्भों,संदर्भों
sandrbhon,संदर्भों,संदर्भों
sandali,संदली,संदली
sandli,संदली,संदली
sandhan,संधान,संधन
samprati,संप्रति,संप्रति
samprti,संप्रति,संप्रति
samprabhu,संप्रभु,संप्रभु
samprbhu,संप्रभु,संप्रभु
samprabhuta,संप्रभुता,संप्रभूता
samprbhuta,संप्रभुता,संप्रभूता
sambit,संबित,संबीत
sambhalane,संभालने,संभालने
sambhalne,संभालने,संभालने
sambhrant,संभ्रांत,संभरांत
sanbharnt,संभ्रांत,संभरणत
sanyog,संयुक्त,संयोग
sanyukt,संयुक्त,सान्युक्त
sanyukta,संयुक्त,सान्युक्त
sanyukta,संयुक्ता,सान्युक्त
sanyogvash,संयोगवश,संयोगवास
sanyojan,संयोजन,संयोजन
sanyojanon,संयोजनों,संयोजनों
sanyojnon,संयोजनों,संयोजनों
samvedikaran,संवेदीकरण,संवेदीकरण
sanvedikaran,संवेदीकरण,संवेदीकरण
samshayon,संशयों,सम्शयों
sanshayon,संशयों,संशायों
sanshyon,संशयों,संश्यों
sanskaar,संस्कार,संस्कार
sanskar,संस्कार,संस्कर
sanskaari,संस्कारी,संस्कारी
sanskari,संस्कारी,संस्करी
sanskrit,संस्कृत,संस्कृत
sanskurt,संस्कृत,संस्कृत
sanskritiyan,संस्कृतियां,संस्कृतियां
sanskrutiyan,संस्कृतियां,संस्कृतियां
sanskritiyon,संस्कृतियों,संस्कृतियों
sanskrutiyon,संस्कृतियों,संस्कृतियों
sanasthit,संस्थित,सानास्थित
sansthit,संस्थित,संस्थित
sanasthita,संस्थिता,सानस्थित
sansthita,संस्थिता,संस्थिता
sakara,सकरा,साकारा
sakra,सकरा,सक्र
sakshan,सक्शन,साक्षण
suction,सक्शन,सुक्शन
sacchidanand,सच्चिदानंद,सच्चिदानंद
sachhidanand,सच्चिदानंद,सच्चिदानंद
sachidanand,सच्चिदानंद,सचीदानंद
sajja,सज्जा,सज्जा
sat,सत,सत
satpal,सतपाल,सत्पल
satluj,सतलुज,सतलूज
sataane,सताने,सताने
satane,सताने,सतने
sate,सते,सते
satti,सत्ती,सत्ती
satvat,सत्वत,सत्वत
sadanand,सदानंद,सदानंद
sapane,सपने,सपने
sapne,सपने,सपने
sapney,सपने,सपने
saparivaar,सपरिवार,सपरिवार
sapariwar,सपरिवार,सपरीवार
sparivar,सपरिवार,स्परिवार
sapaat,सपाट,सपात
sapat,सपाट,सपत
sapate,सपाटे,सपते
sapatey,सपाटे,सपते
saptakranti,सप्तक्रांति,सप्ताकृंति
saptkraanti,सप्तक्रांति,सप्तक्रांति
saptapadi,सप्तपदी,सप्तापदी
saptpadi,सप्तपदी,सप्तपादी
saptari,सप्तरी,सप्तारी
sapramaan,सप्रमाण,सप्रमाण
sapraman,सप्रमाण,सप्रमण
submit,सबमिट,सबमीत
sabmission,सबमिशन,सबमिशन
submission,सबमिशन,सबमिशन
sabhaein,सभाएं,सभाएं
sabhaen,सभाएं,सभाएं
sabhayen,सभाएं,सभाएं
sabhen,सभाएं,सभें
sabhasadon,सभासदों,सभासादों
sabhyata,सभ्यता,सभ्यता
samjhoonga,समझूंगा,समझूंगा
samjhunga,समझूंगा,समझुंगा
samjhungaa,समझूंगा,समझुंगा
saman,समन,समान
samanvayaka,समन्वयक,सामान्वयक
samanwayaka,समन्वयक,सामान्वयक
samnvyak,समन्वयक,सामन्वयक
samaadhaan,समाधान,समाधान
samadhan,समाधान,समाधन
samadhiyon,समाधियों,सामाधियों
samadjiyon,समाधियों,समादजियों
samalakha,समालखा,समलका
samalakhaa,समालखा,समलका
samahaar,समाहार,समाहार
samahar,समाहार,समाहर
samitiyan,समितियां,समितियां
sametati,समेटती,समेताती
sametti,समेटती,समेटती
sarka,सरका,सर्का
sarkaa,सरका,सरका
sarkarein,सरकारें,सरकारें
sarkaren,सरकारें,सरकर्ण
sarkaaron,सरकारों,सरकारों
sarkaron,सरकारों,सरकरों
sargana,सरगना,सरगना
sarganaon,सरगनाओं,सरगणों
sargi,सरगी,सर्गी
sarguja,सरगुजा,सरगुजा
sarjuga,सरगुजा,सरजुगा
sarsa,सरसा,सारसा
sarsaa,सरसा,सरसा
sarahind,सरहिंद,सरहींद
sarhind,सरहिंद,सरहींद
sirhind,सरहिंद,सिरहिंद
saraaha,सराहा,सराह
saraha,सराहा,सरहा
saraahi,सराही,सराही
sarahi,सराही,सारही
salaahkar,सलाहकार,सलाहकर
salahkaar,सलाहकार,सलाहकार
salahkar,सलाहकार,सलाहकर
saleeb,सलीब,सलीब
salib,सलीब,सलीब
select,सलेक्ट,सेलेक्ट
saltanat,सल्तनत,सलटनाट
saltnat,सल्तनत,सलतनात
savaal,सवाल,सवाल
saval,सवाल,सावल
sawaal,सवाल,सवाल
sawal,सवाल,सावल
sahakalaakar,सहकलाकार,सहकलाकर
sahakalakar,सहकलाकार,सहकलकर
sahkalakar,सहकलाकार,सहकलकर
sahadev,सहदेव,सहादेव
sahdev,सहदेव,सहदेव
sahrawat,सहरावत,सहरावत
sherawat,सहरावत,शेरावट
sahooliyata,सहूलियत,सहूलियता
sahuliyat,सहूलियत,सहुलियत
sahuuliyata,सहूलियत,सहुलियता
saanketika,सांकेतिक,सांकेतिका
sanketik,सांकेतिक,सांकेतिक
saimans,साइमंस,सैमांस
simmons,साइमंस,सिमोंस
symons,साइमंस,सायमंस
saima,साइमा,सैमा
sagarika,सागरिका,सागरिका
sagrika,सागरिका,सागरिका
saga,सागा,सगा
saajan,साजन,साजन
sajan,साजन,सजन
saajsajja,साजसज्जा,साजसजा
sajsajja,साजसज्जा,सजसजा
saja,साजा,सजा
saathsaath,साथसाथ,साठसाथ
sathsath,साथसाथ,साठसाथ
sathiya,साथिया,साथिया
saabah,साबाह,साबह
sabah,साबाह,सबाह
samanjasy,सामंजस्य,समानजस्य
samanjasya,सामंजस्य,समनजस्या
samoa,सामोआ,समो
samoaa,सामोआ,समोआ
saayn,सायं,सायन
sayan,सायं,सायन
saym,सायं,सायम
saira,सायरा,सैरा
sayara,सायरा,सायरा
sayra,सायरा,सायरा
salve,साल्वे,सल्वे
sahab,साहब,सहब
singapore,सिंगापुर,सिंगपोर
singaar,सिंगार,सिंगार
singar,सिंगार,सिंगार
singer,सिंगार,सिंगर
singhaadey,सिंघाड़े,सिंहादे
singhade,सिंघाड़े,सिंहादे
singhde,सिंघाड़े,सिंहदे
singhre,सिंघाड़े,सिंहरे
singhi,सिंघी,सिंही
singha,सिंहा,सिंहा
sinha,सिंहा,सिंहा
siera,सिएरा,सीयरा
sierra,सिएरा,सियरा
sikud,सिकुड़,सिकुड़
signals,सिगनल्स,साइनल्स
cigaretton,सिगरेटों,सिगरेटन
cigretton,सिगरेटों,सिग्रेटन
siddhivat,सिद्धवट,सिद्धिवत
siddhvat,सिद्धवट,सिद्धवत
siddhwat,सिद्धवट,सिद्धवत
sinabang,सिनाबंग,सीनाबंग
synapse,सिनेप्स,सिनाप्से
sipah,सिपाह,सिपह
sipaha,सिपाह,सिपहा
sipahiyon,सिपाहियों,सिपहियों
sipahi,सिपाही,सिपही
sim,सिम,सिम
simat,सिमट,सीमत
simatataa,सिमटता,सीमातता
simatta,सिमटता,सीमात्ता
simtata,सिमटता,सिम्तता
simtataa,सिमटता,सिम्तता
cement,सिमटे,सीमेंट
simate,सिमटे,सीमेट
simi,सिमी,सिमी
simmy,सिमी,सिमी
sims,सिम्स,सिम्स
siyasi,सियासी,सियासी
siyah,सियाह,सियाह
siyaha,सियाह,सियाहा
sirpur,सिरपुर,सिरपुर
sivan,सिवान,सीवन
siwan,सिवान,सीवन
sisva,सिसवा,सिस्व
siswa,सिसवा,सिस्वा
cil,सीआईएल,सील
csi,सीएसआई,सीएसआई
sikar,सीकर,सिकर
seaten,सीटें,सीटन
sitaram,सीताराम,सीतारम
sitaharan,सीताहरण,सिताहरण
cpm,सीपीएम,सीपीएम
cps,सीपीएस,सीपीएस
cbse,सीबीएसई,सीबीएसई
seem,सीम,सीम
sim,सीम,सिम
sealed,सील्ड,सील्ड
shield,सील्ड,शिल्ड
ccd,सीसीडी,सीसीडी
sugamata,सुगमता,सुगमता
sugmta,सुगमता,सुगमता
sujan,सुजेन,सुजन
sujen,सुजेन,सुजें
suken,सुजेन,सुकेन
sujain,सुजैन,सुजैन
sujhaati,सुझाती,सुझाती
sujhati,सुझाती,सूझती
sutali,सुतली,सुतली
sutli,सुतली,सूतली
suta,सुता,सूता
sdueep,सुदीप,स्वीप
sudip,सुदीप,सुदीप
sudhaargrah,सुधारगृह,सुधारग्रह
sudhargrih,सुधारगृह,सुधारग्रीह
sudhargruh,सुधारगृह,सुधारग्रुह
sunaaron,सुनारों,सुनारों
sunaron,सुनारों,सुनारों
sunaseer,सुनासीर,सुनासीर
sunasir,सुनासीर,सुनसीर
suneeti,सुनीति,सुनीती
suniti,सुनीति,सुनीती
sunega,सुनेगा,सुनेगा
suneyga,सुनेगा,सुनेगा
superhit,सुपरहिट,सुपरहीत
supachy,सुपाच्य,सुपच्ची
supachya,सुपाच्य,सुपच्चय
supachye,सुपाच्य,सुपच्चय
subhaay,सुभाय,सुभाय
subhay,सुभाय,सुभाय
surveen,सुरवीन,सुर्वीन
survin,सुरवीन,सुर्वीन
surana,सुराणा,सुराना
sulkhan,सुलखान,सुल्खन
suljaayi,सुलझाई,सुलझाई
suljayi,सुलझाई,सुलझाई
suljhai,सुलझाई,सुलझाई
sulzai,सुलझाई,सुलझाई
sultana,सुलताना,सुल्ताना
sulaati,सुलाती,सुलाती
sulati,सुलाती,सुलती
susanskrit,सुसंस्कृत,सुसंस्कृत
susanskrut,सुसंस्कृत,सुसंस्कृत
suhagin,सुहागिन,सुहागीन
soond,सूंड़,सूंड
sund,सूंड़,सुंड
suiyan,सूइयां,सुइयां
sukhati,सूखती,सूखती
sukhti,सूखती,सूखती
sukhakar,सूखाकर,सुखाकर
soochak,सूचक,सूचक
suchak,सूचक,सुचक
sooja,सूजा,सूजा
suja,सूजा,सुजा
suba,सूबा,सुबा
sube,सूबे,सुबे
sooraj,सूरज,सूरज
suraj,सूरज,सुरज
surinaam,सूरीनाम,सुरीनामाम
surinama,सूरीनाम,सुरीनामा
suriname,सूरीनाम,सुरीनामे
suryadev,सूर्यदेव,सुर्यादेव
sendha,सेंधा,सेंधा
senvai,सेंवई,सेनवाई
sevai,सेंवई,सेवाई
sensing,सेंसिंग,सेंसिंग
sexual,सेक्सुअल,सेक्सुल
saturday,सेटरडे,सतुर्दय
seti,सेटी,सेती
seto,सेटो,सेतो
seth,सेथ,सेठ
safety,सेफ्टी,सैफेटी
semen,सेमिन,सीमें
semin,सेमिन,सेमिन
self,सेल्फ,सेल्फ
selfie,सेल्फी,सेल्फी
save,सेव,सावे
sev,सेव,सेव
sevakon,सेवकों,सेवकों
sevkon,सेवकों,सेवकों
samuels,सैम्युल्स,समूल्स
celery,सैलरी,सेलेरी
salary,सैलरी,सलारी
sakar,सॉकर,साकर
socar,सॉकर,सोकर
soccer,सॉकर,सॉसर
songs,सॉन्ग्स,सोंग्स
solicitor,सॉलिसिटर,सॉलीकिटर
sochane,सोचने,सोचने
sochne,सोचने,सोचने
sonu,सोनू,सोनू
soma,सोमा,सोमा
spma,सोमा,स्पमा
somi,सोमी,सोमी
soy,सोय,सोय
soya,सोया,सोया
solitaire,सोलिटेयर,सोलिटेयर
soharai,सोहराई,सोहराई
sohrai,सोहराई,सोहराई
sohaval,सोहावल,सोहावल
sohawal,सोहावल,सोहवाल
saunpane,सौंपने,सौंपने
sonpne,सौंपने,सौंपने
scala,स्काला,स्काला
skala,स्काला,स्कला
ski,स्की,स्क्री
scootaron,स्कूटरों,स्कूटरों
scooteron,स्कूटरों,स्कूटरों
skootaron,स्कूटरों,स्कूटरों
scandinavia,स्कैंडिनेविया,स्केंडिनाविया
scaining,स्कैनिंग,स्केइनिंग
scanning,स्कैनिंग,स्केनिंग
squash,स्क्वाश,स्क्वाश
squash,स्क्वैश,स्क्वाश
skhalan,स्खलन,स्खलन
stain,स्टैन,स्टेन
stan,स्टैन,स्टान
stop,स्टॉप,स्टॉप
stops,स्टॉप्स,स्टॉप्स
stone,स्टोन,स्टोन
straws,स्ट्रास,स्ट्रास
stress,स्ट्रास,स्ट्रेस
stra,स्ट्रे,स्ट्रा
stray,स्ट्रे,स्ट्राय
stre,स्ट्रे,स्ट्रे
strocks,स्ट्रोक्स,स्ट्रॉक्स
strokes,स्ट्रोक्स,स्ट्रोक्स
stan,स्तन,स्टान
stanadhari,स्तनधारी,स्तनधारी
standhaari,स्तनधारी,स्तंधारी
standhari,स्तनधारी,स्तंधरी
sthiti,स्तिथि,स्थिती
stithi,स्तिथि,स्टिथि
stuti,स्तुति,स्टूटी
sthitiyaan,स्थितियां,स्थितियां
sthitiyan,स्थितियां,स्थितियां
sthitiyon,स्थितियों,स्थितियों
sthool,स्थूल,स्थूल
sthul,स्थूल,स्थूल
sthoolta,स्थूलता,स्थूलता
sthulata,स्थूलता,स्थूलता
sneakers,स्नीकर्स,स्नीकर्स
snickers,स्नीकर्स,स्निकर्स
snikarse,स्नीकर्स,स्निकर्स
spear,स्पीयर,स्पेयर
spell,स्पेल,स्पेल
spelar,स्पेलर,स्पेलर
speller,स्पेलर,स्पेलर
sprint,स्प्रिट,स्प्रिंट
sprit,स्प्रिट,स्प्रिट
spray,स्प्रे,स्प्राय
spry,स्प्रे,स्प्राय
sfoorti,स्फूर्ति,स्फूर्ती
sfurti,स्फूर्ति,स्फूर्ती
sphoorti,स्फूर्ति,स्फूर्ती
slide,स्लाइड,स्लाइड
slider,स्लाइडर,स्लाइडर
slaaidon,स्लाइडों,स्लाइडों
slidon,स्लाइडों,स्लाइडों
sliders,स्लाइड्स,स्लाइडर्स
slides,स्लाइड्स,स्लाइड्स
slice,स्लाइस,स्लाइस
slash,स्लैश,स्लैश
swaroopon,स्वरुपों,स्वरूपों
swarupon,स्वरुपों,स्वरूपों
swa,स्वा,स्वा
swaachaalit,स्वाचालित,स्वाचालित
swachalit,स्वाचालित,स्वचालित
swaarthparak,स्वार्थपरक,स्वार्थपरक
swarthparak,स्वार्थपरक,स्वर्थपरक
swiftlate,स्विफ्टलेट,स्विफ्टलेट
swiftlet,स्विफ्टलेट,स्विफ्टलेट
sweekarte,स्वीकारते,स्वीकार्ट
swikarte,स्वीकारते,स्वीकार्ट
sweet,स्वीट,स्वीत
sweep,स्वीप,स्वीप
sweccha,स्वेच्छा,स्वेच्छ
swecha,स्वेच्छा,स्वेच्छा
swechha,स्वेच्छा,स्वेच्छा
sweta,स्वेता,स्वेता
swap,स्वैप,स्वप
swipe,स्वैप,स्वाइप
handiya,हंडिया,हांडिया
handiyaa,हंडिया,हंदिया
hundiya,हंडिया,हुंडिया
hakikat,हकीकत,हकीकत
haqeeqat,हकीकत,हकीकत
hathiya,हथिया,हथिया
hamala,हमला,हमला
hamla,हमला,हमला
hamalavar,हमलावर,हमलावर
hamlavar,हमलावर,हमलावर
humlavar,हमलावर,हमलावर
hamaal,हमाल,हमाल
hamal,हमाल,हमल
hercules,हरक्यूलिस,हरकल्स
hardas,हरदास,हरदास
harpaal,हरपाल,हरपाल
harpal,हरपाल,हरपाल
harvansh,हरवंश,हरवांश
haraval,हरावल,हरावल
harawal,हरावल,हरावल
hurricane,हरिकेन,हरिकनें
harijan,हरिजन,हरिजन
hariyali,हरियाली,हरियाली
harshit,हर्षित,हर्षित
haldi,हल्दी,हल्दी
halla,हल्ला,हल्ला
hawamahal,हवामहल,हवमाहल
hawalaat,हवालात,हवालात
hawalat,हवालात,हवालत
hasino,हसीनों,हेसीनो
hasinon,हसीनों,हसीनों
haan,हां,हां
han,हां,हान
haanfte,हांफते,हांफते
hafate,हांफते,हफते
hanfte,हांफते,हैंफते
higman,हाइमन,हिग्मन
hymen,हाइमन,ह्यमें
hadauti,हाड़ौती,हड़ौती
haani,हानी,हानी
hani,हानी,हानी
haarjeet,हारजीत,हरजीत
harjeet,हारजीत,हरजीत
haaranaa,हारना,हारना
harana,हारना,हराना
harna,हारना,हरना
haalchaal,हालचाल,हालचाल
haalchal,हालचाल,हालचल
halchaal,हालचाल,हलचाल
halchal,हालचाल,हलचल
halt,हाल्ट,हल्ट
hault,हाल्ट,हॉल्ट
hahakar,हाहाकार,हहकर
hingis,हिंगिस,हिंगिस
hindan,हिंडन,हिंदन
hindon,हिंडन,हिंदों
hijada,हिजड़ा,हिजड़ा
hijda,हिजड़ा,हिजड़ा
hijbul,हिजबुल,हिजबुल
hippo,हिप्पो,हिप्पो
hippopotamus,हिप्पोपोटेमस,हिप्पोपोट्स
himali,हिमाली,हिमली
hilane,हिलने,हिलने
hilne,हिलने,हिलने
hisham,हिशाम,हिशम
heeraganj,हीरागंज,हीरागंज
hiraganj,हीरागंज,हीरागंज
heroes,हीरोज,हीरोएस
heros,हीरोज,हेरोस
hui,हुईं,हुई
huin,हुईं,हुईन
hooper,हूपर,हूपर
huppar,हूपर,हुप्पर
hupper,हूपर,हुपर
hegde,हेगडे,हेगडे
hemvati,हेमवती,हेमवती
hemwati,हेमवती,हेमवाती
help,हेल्प,हेल्प
helper,हेल्पर,हेल्पर
haito,हैतो,हैटो
hairam,हैरम,हैराम
harem,हैरम,हेरेम
herald,हैराल्ड,हेराल्ड
haive,हैव,हैवे
have,हैव,हावे
hong,हॉन्ग,होंग
half,हॉफ,हाफ
hoaf,हॉफ,होफ
hounga,होऊंगा,हौंगा
holding,होल्डिंग,होल्डिंग
hoshangabaad,होशंगाबाद,होशानगाबाद
hoshangabad,होशंगाबाद,होशानगाबाद
hostes,होस्टेस,होस्ट्स
hostess,होस्टेस,होस्टेस
